FLUKE 287,  V1.16,38020004,,,,,,,,,,,,
,,,,,,,,,,,,,,
To display full timestamps use Format Cells ‘m/d/y hh:mm:ss.0',,,,,,,,,,,,,,
,,,,,,,,,,,,,,
Start Time,Stop Time,Elapsed Time,Interval,Total readings,Intervals,Input Events,Session Name,,,,,,,
1/23/2019 17:43,1/23/2019 21:00,3:17:01,5:00:00,476,1,476,,,,,,,,
Max Time,Max,,Average,,Min,,Min Time,Scaling,,,,,,
1/23/2019 17:47,101.9,°C,38.4299534,°C,-35.7,°C,1/23/2019 19:15,(none),,,,,,
,,,,,,,,,,,,,,
Reading,Sample,,Start Time,Duration,Max Time,Max,,Average,,Min Time,Min,,Description,Stop Time
1,101.5,°C,43:21.2,08:50.1,47:55.0,101.9,°C,100.9103309,°C,52:03.0,97.5,°C,Stable,52:11.3
2,97.4,°C,52:11.3,02:37.1,52:11.3,97.4,°C,95.6011254,°C,54:43.5,93.6,°C,Stable,54:48.4
3,93.5,°C,54:48.4,01:56.8,54:48.4,93.5,°C,91.81762162,°C,56:44.3,89.9,°C,Stable,56:45.2
4,89.7,°C,56:45.2,02:18.6,56:52.3,90.2,°C,87.91994536,°C,58:55.0,86.2,°C,Stable,59:03.9
5,86.1,°C,59:03.9,01:47.5,59:03.9,86.1,°C,84.56396714,°C,00:50.5,82.7,°C,Stable,00:51.4
6,82.6,°C,00:51.4,02:12.0,00:55.0,83.2,°C,81.21644359,°C,03:02.9,79.3,°C,Stable,03:03.3
7,79,°C,03:03.3,02:01.6,03:03.3,79,°C,77.4408949,°C,04:32.4,75.9,°C,Stable,05:04.9
8,75.8,°C,05:04.9,01:26.7,05:08.6,76,°C,74.62638484,°C,06:31.4,72.8,°C,Stable,06:31.6
9,72.7,°C,06:31.6,01:45.5,06:36.6,73.4,°C,71.77093301,°C,08:16.8,69.8,°C,Stable,08:17.2
10,69.7,°C,08:17.2,01:01.1,08:17.2,69.7,°C,68.54235537,°C,09:17.7,67,°C,Stable,09:18.2
11,66.9,°C,09:18.2,01:19.1,09:22.3,67.5,°C,65.82547771,°C,10:35.6,64.3,°C,Stable,10:37.3
12,64.2,°C,10:37.3,01:36.3,10:41.2,64.8,°C,63.47785059,°C,12:13.2,61.8,°C,Stable,12:13.6
13,61.6,°C,12:13.6,01:10.3,12:20.0,62.7,°C,60.92068345,°C,13:15.2,59.4,°C,Stable,13:23.9
14,59.1,°C,13:23.9,01:25.2,13:28.8,60.3,°C,58.3957037,°C,14:28.9,56.8,°C,Stable,14:49.2
15,56.7,°C,14:49.2,01:09.2,15:02.7,57.4,°C,56.08375912,°C,15:58.0,54.5,°C,Stable,15:58.3
16,54.4,°C,15:58.3,01:17.9,16:04.7,55.8,°C,54.136953,°C,17:15.7,52.3,°C,Stable,17:16.2
17,52.2,°C,17:16.2,01:09.1,17:30.3,53,°C,51.55729927,°C,18:25.0,50.2,°C,Stable,18:25.3
18,50.1,°C,18:25.3,01:01.5,18:29.8,51.1,°C,49.48008214,°C,19:19.2,48.1,°C,Stable,19:26.8
19,48,°C,19:26.8,00:51.6,19:52.2,48.4,°C,47.44425428,°C,20:18.0,46.1,°C,Stable,20:18.4
20,46,°C,20:18.4,00:45.6,20:49.7,47,°C,46.04555556,°C,21:03.6,44.4,°C,Stable,21:04.0
21,44,°C,21:04.0,01:44.0,21:19.7,45.7,°C,44.13426488,°C,22:39.4,42.3,°C,Stable,22:47.9
22,42.2,°C,22:47.9,00:20.7,22:53.2,42.7,°C,41.77378049,°C,23:08.1,40.7,°C,Stable,23:08.6
23,40.4,°C,23:08.6,01:05.1,23:25.0,41.9,°C,40.54554264,°C,23:42.3,38.9,°C,Stable,24:13.7
24,38.7,°C,24:13.7,00:06.7,24:20.0,40.2,°C,39.39622642,°C,24:14.0,38.6,°C,Stable,24:20.4
25,40.3,°C,24:20.4,00:03.7,24:20.4,40.3,°C,39.58,°C,24:23.8,38.7,°C,Stable,24:24.1
26,38.6,°C,24:24.1,00:43.8,24:29.4,40,°C,38.529683,°C,25:07.6,37.1,°C,Stable,25:08.0
27,36.8,°C,25:08.0,00:05.2,25:12.8,38.2,°C,37.45121951,°C,25:08.0,36.8,°C,Stable,25:13.1
28,38.3,°C,25:13.1,00:13.0,25:16.6,38.6,°C,37.99901961,°C,25:25.9,36.9,°C,Stable,25:26.1
29,36.7,°C,25:26.1,00:25.8,25:33.3,38,°C,36.90536585,°C,25:51.7,35.3,°C,Stable,25:52.0
30,35.1,°C,25:52.0,00:04.9,25:56.5,36.4,°C,35.5,°C,25:52.5,35,°C,Stable,25:56.9
31,36.6,°C,25:56.9,00:02.9,25:56.9,36.6,°C,36.00869565,°C,25:59.6,35.2,°C,Stable,25:59.8
32,35,°C,25:59.8,00:45.8,26:14.4,36.1,°C,34.99143646,°C,26:45.2,33.7,°C,Stable,26:45.6
33,33.5,°C,26:45.6,00:47.1,27:05.8,34.3,°C,33.41233244,°C,27:32.3,32.3,°C,Stable,27:32.7
34,32.1,°C,27:32.7,00:03.8,27:36.1,33.2,°C,32.58,°C,27:32.7,32.1,°C,Stable,27:36.4
35,33.4,°C,27:36.4,00:11.7,27:42.1,33.9,°C,33.41630435,°C,27:47.6,32.1,°C,Stable,27:48.1
36,32,°C,27:48.1,00:07.9,27:52.2,32.7,°C,31.93064516,°C,27:55.5,30.8,°C,Stable,27:56.0
37,30.7,°C,27:56.0,00:03.6,27:59.4,31.9,°C,31.12758621,°C,27:56.0,30.7,°C,Stable,27:59.6
38,32,°C,27:59.6,00:05.9,28:01.1,32.7,°C,32.06808511,°C,28:05.3,30.9,°C,Stable,28:05.5
39,30.7,°C,28:05.5,00:50.5,28:26.3,31.9,°C,30.688,°C,28:55.8,29.5,°C,Stable,28:56.0
40,29.2,°C,28:56.0,00:31.1,29:10.3,30.3,°C,29.23943089,°C,29:05.8,28.3,°C,Stable,29:27.1
41,28,°C,29:27.1,00:04.5,29:31.3,29,°C,28.22285714,°C,29:27.5,27.8,°C,Stable,29:31.6
42,29.2,°C,29:31.6,00:04.3,29:32.5,29.4,°C,28.88235294,°C,29:35.3,28.1,°C,Stable,29:35.8
43,27.9,°C,29:35.8,00:05.5,29:41.0,29,°C,28.00909091,°C,29:36.9,27.3,°C,Stable,29:41.4
44,29.1,°C,29:41.4,00:10.1,29:44.3,29.3,°C,28.9025,°C,29:50.4,28.2,°C,Stable,29:51.5
45,27.9,°C,29:51.5,00:07.9,29:58.9,28.9,°C,27.74354839,°C,29:53.2,26.8,°C,Stable,29:59.4
46,29.1,°C,29:59.4,00:02.5,29:59.4,29.1,°C,28.615,°C,30:01.6,28.1,°C,Stable,30:01.9
47,27.8,°C,30:01.9,00:23.6,30:07.2,28.6,°C,27.82245989,°C,30:25.1,26.8,°C,Stable,30:25.5
48,26.6,°C,30:25.5,00:03.7,30:28.9,27.6,°C,26.96551724,°C,30:25.5,26.6,°C,Stable,30:29.2
49,27.8,°C,30:29.2,00:02.8,30:29.7,27.9,°C,27.60909091,°C,30:31.4,26.9,°C,Stable,30:31.9
50,26.6,°C,30:31.9,00:05.6,30:37.0,27.6,°C,26.76136364,°C,30:32.6,26,°C,Stable,30:37.5
51,27.7,°C,30:37.5,00:16.0,30:38.2,28,°C,27.2015873,°C,30:52.2,26.6,°C,Stable,30:53.6
52,26.5,°C,30:53.6,00:03.7,30:53.6,26.5,°C,26.03793103,°C,30:57.0,25.5,°C,Stable,30:57.2
53,25.4,°C,30:57.2,00:05.0,31:01.8,26.4,°C,25.7025,°C,30:58.1,25.1,°C,Stable,31:02.3
54,26.6,°C,31:02.3,00:03.6,31:02.9,26.9,°C,26.30344828,°C,31:05.7,25.6,°C,Stable,31:05.9
55,25.3,°C,31:05.9,00:05.3,31:10.4,26.3,°C,25.38333333,°C,31:07.0,24.6,°C,Stable,31:11.2
56,26.6,°C,31:11.2,00:04.6,31:12.3,27,°C,26.38333333,°C,31:15.2,25.7,°C,Stable,31:15.7
57,25.5,°C,31:15.7,00:12.3,31:25.8,26.3,°C,25.45463918,°C,31:27.6,24.5,°C,Stable,31:28.0
58,24.4,°C,31:28.0,00:14.6,31:42.1,25.2,°C,24.46034483,°C,31:29.2,23.6,°C,Stable,31:42.6
59,25.5,°C,31:42.6,00:08.1,31:43.3,25.7,°C,25.10625,°C,31:50.5,24.6,°C,Stable,31:50.8
60,24.4,°C,31:50.8,00:02.3,31:50.8,24.4,°C,24.06666667,°C,31:52.7,23.5,°C,Stable,31:53.1
61,23.2,°C,31:53.1,00:03.4,31:56.1,24.1,°C,23.47037037,°C,31:53.4,23,°C,Stable,31:56.5
62,24.2,°C,31:56.5,00:04.4,31:57.9,24.8,°C,24.30285714,°C,32:00.6,23.3,°C,Stable,32:00.9
63,23,°C,32:00.9,00:02.6,32:03.1,23.8,°C,23.31428571,°C,32:00.9,23,°C,Stable,32:03.5
64,24,°C,32:03.5,00:02.2,32:05.4,24.8,°C,24.37647059,°C,32:03.5,24,°C,Stable,32:05.7
65,25,°C,32:05.7,00:14.4,32:16.7,25.3,°C,24.68157895,°C,32:13.3,24.1,°C,Stable,32:20.1
66,24,°C,32:20.1,00:05.2,32:21.1,24.3,°C,23.73658537,°C,32:24.9,23.1,°C,Stable,32:25.2
67,22.7,°C,32:25.2,00:05.2,32:30.0,23.5,°C,22.77560976,°C,32:25.6,22.4,°C,Stable,32:30.4
68,23.7,°C,32:30.4,00:01.1,32:30.4,23.7,°C,23.45555556,°C,32:31.2,23.1,°C,Unstable,32:31.5
69,22.7,°C,32:31.5,00:07.2,32:37.6,23.6,°C,22.59824561,°C,32:33.8,21.8,°C,Stable,32:38.8
70,23.7,°C,32:38.8,00:17.4,32:47.7,24.1,°C,23.4384058,°C,32:44.7,22.9,°C,Stable,32:56.2
71,22.6,°C,32:56.2,00:04.6,33:00.4,23.4,°C,22.65833333,°C,32:57.1,22.2,°C,Stable,33:00.7
72,23.6,°C,33:00.7,00:02.3,33:01.1,23.9,°C,23.51666667,°C,33:02.6,22.8,°C,Stable,33:03.0
73,22.5,°C,33:03.0,00:01.5,33:03.0,22.5,°C,22.2,°C,33:04.1,21.8,°C,Stable,33:04.5
74,21.4,°C,33:04.5,00:04.5,33:08.6,22.3,°C,21.70857143,°C,33:04.9,21.3,°C,Stable,33:09.0
75,22.5,°C,33:09.0,00:18.7,33:19.2,23.3,°C,22.39662162,°C,33:27.0,21.6,°C,Stable,33:27.6
76,21.5,°C,33:27.6,00:08.7,33:33.7,22.4,°C,21.45588235,°C,33:36.0,20.8,°C,Stable,33:36.3
77,20.5,°C,33:36.3,00:03.7,33:39.7,21.3,°C,20.70689655,°C,33:37.1,20.3,°C,Stable,33:39.9
78,21.5,°C,33:39.9,00:06.1,33:41.6,22.2,°C,21.57291667,°C,33:45.7,20.7,°C,Stable,33:46.0
79,20.5,°C,33:46.0,00:04.9,33:50.6,21.4,°C,20.66153846,°C,33:47.6,20.2,°C,Stable,33:50.9
80,21.5,°C,33:50.9,00:08.1,33:51.7,21.6,°C,21.21875,°C,33:58.8,20.7,°C,Stable,33:59.0
81,20.5,°C,33:59.0,00:06.8,34:05.4,21.4,°C,20.5,°C,34:00.9,19.8,°C,Stable,34:05.8
82,21.6,°C,34:05.8,00:01.9,34:06.2,21.7,°C,21.48,°C,34:07.3,20.9,°C,Stable,34:07.7
83,20.5,°C,34:07.7,00:01.5,34:07.7,20.5,°C,20.2,°C,34:08.8,19.9,°C,Unstable,34:09.2
84,19.5,°C,34:09.2,00:04.9,34:13.6,20.3,°C,19.54358974,°C,34:09.9,19,°C,Stable,34:14.1
85,20.6,°C,34:14.1,00:04.4,34:15.3,20.7,°C,20.28285714,°C,34:18.2,19.8,°C,Stable,34:18.6
86,19.5,°C,34:18.6,00:11.2,34:29.4,20.3,°C,19.55730337,°C,34:26.0,18.9,°C,Stable,34:29.8
87,20.6,°C,34:29.8,00:02.3,34:29.8,20.6,°C,20.38333333,°C,34:31.6,19.9,°C,Stable,34:32.1
88,19.5,°C,34:32.1,00:06.2,34:38.0,20.4,°C,19.45510204,°C,34:33.9,18.7,°C,Stable,34:38.3
89,20.5,°C,34:38.3,00:03.9,34:38.8,20.6,°C,20.15806452,°C,34:41.7,19.6,°C,Stable,34:42.2
90,19.4,°C,34:42.2,00:11.1,34:48.2,19.9,°C,19.18977273,°C,34:45.5,18.7,°C,Stable,34:53.3
91,18.4,°C,34:53.3,00:02.6,34:55.6,19.2,°C,18.75714286,°C,34:53.3,18.4,°C,Stable,34:56.0
92,19.4,°C,34:56.0,00:02.5,34:56.2,19.6,°C,19.275,°C,34:58.1,18.7,°C,Stable,34:58.5
93,18.4,°C,34:58.5,00:05.3,35:03.4,19.1,°C,18.34047619,°C,35:00.4,17.9,°C,Stable,35:03.8
94,19.4,°C,35:03.8,00:05.9,35:04.6,19.6,°C,18.94255319,°C,35:07.9,18.5,°C,Stable,35:09.8
95,18.4,°C,35:09.8,00:10.8,35:17.6,19.3,°C,18.16046512,°C,35:13.9,17.5,°C,Stable,35:20.6
96,17.3,°C,35:20.6,00:04.2,35:24.0,18,°C,17.53636364,°C,35:21.0,17.2,°C,Stable,35:24.7
97,18.4,°C,35:24.7,00:05.7,35:25.1,18.5,°C,17.94222222,°C,35:27.4,17.5,°C,Stable,35:30.4
98,17.4,°C,35:30.4,00:14.5,35:37.1,18,°C,17.45913043,°C,35:44.5,16.5,°C,Stable,35:44.9
99,16.3,°C,35:44.9,00:02.9,35:47.5,17,°C,16.65217391,°C,35:44.9,16.3,°C,Stable,35:47.8
100,17.3,°C,35:47.8,00:05.0,35:48.7,17.6,°C,17.0225,°C,35:52.3,16.5,°C,Stable,35:52.8
101,16.3,°C,35:52.8,00:02.9,35:55.0,17.2,°C,16.74347826,°C,35:52.8,16.3,°C,Stable,35:55.7
102,17.3,°C,35:55.7,00:08.3,35:57.3,18.1,°C,17.27878788,°C,36:02.1,16.5,°C,Stable,36:04.0
103,16.2,°C,36:04.0,00:09.0,36:12.5,17.1,°C,16.56478873,°C,36:04.0,16.2,°C,Stable,36:13.0
104,17.3,°C,36:13.0,00:03.7,36:13.4,17.5,°C,17.15172414,°C,36:16.4,16.5,°C,Stable,36:16.7
105,16.2,°C,36:16.7,00:15.5,36:22.0,16.9,°C,16.08032787,°C,36:31.6,15.3,°C,Stable,36:32.1
106,14.8,°C,36:32.1,00:03.9,36:35.8,15.5,°C,14.84516129,°C,36:32.8,14.5,°C,Stable,36:36.1
107,15.8,°C,36:36.1,00:02.3,36:36.1,15.8,°C,15.48333333,°C,36:38.1,14.9,°C,Stable,36:38.3
108,14.7,°C,36:38.3,00:05.1,36:42.9,15.6,°C,14.74,°C,36:40.0,14.2,°C,Stable,36:43.4
109,15.8,°C,36:43.4,00:10.3,36:44.0,16.1,°C,15.39512195,°C,36:53.5,14.9,°C,Stable,36:53.7
110,14.8,°C,36:53.7,00:07.1,36:57.9,15.7,°C,14.97678571,°C,37:00.4,14,°C,Stable,37:00.8
111,13.8,°C,37:00.8,00:03.3,37:03.9,14.5,°C,13.92692308,°C,37:01.3,13.4,°C,Stable,37:04.1
112,14.8,°C,37:04.1,00:03.4,37:06.9,15.7,°C,15.35384615,°C,37:04.1,14.8,°C,Stable,37:07.5
113,15.8,°C,37:07.5,00:04.2,37:07.5,15.8,°C,15.37272727,°C,37:11.0,14.9,°C,Stable,37:11.7
114,14.8,°C,37:11.7,00:07.9,37:11.7,14.8,°C,14.3516129,°C,37:15.1,14,°C,Stable,37:19.6
115,13.8,°C,37:19.6,00:05.3,37:24.3,14.5,°C,13.69285714,°C,37:21.0,13,°C,Stable,37:24.8
116,14.8,°C,37:24.8,00:07.1,37:25.5,15.1,°C,14.525,°C,37:31.5,13.9,°C,Stable,37:31.9
117,13.8,°C,37:31.9,00:10.1,37:34.2,14.3,°C,13.545,°C,37:41.7,13,°C,Stable,37:42.0
118,12.8,°C,37:42.0,00:04.1,37:45.7,13.6,°C,12.84848485,°C,37:42.8,12.4,°C,Stable,37:46.2
119,13.9,°C,37:46.2,00:03.6,37:46.8,14.2,°C,13.7,°C,37:49.6,13.1,°C,Stable,37:49.8
120,12.7,°C,37:49.8,00:04.3,37:53.6,13.6,°C,12.80588235,°C,37:50.7,12.3,°C,Stable,37:54.1
121,13.8,°C,37:54.1,00:03.7,37:54.1,13.8,°C,13.36551724,°C,37:57.0,12.9,°C,Stable,37:57.8
122,12.8,°C,37:57.8,00:19.4,38:13.8,13.3,°C,12.7512987,°C,38:16.8,12.1,°C,Stable,38:17.2
123,11.7,°C,38:17.2,00:03.0,38:19.8,12.6,°C,11.99583333,°C,38:17.6,11.6,°C,Stable,38:20.2
124,12.7,°C,38:20.2,00:07.5,38:22.1,13.5,°C,12.54915254,°C,38:27.2,11.8,°C,Stable,38:27.7
125,11.7,°C,38:27.7,00:02.9,38:30.2,12.5,°C,11.96521739,°C,38:28.1,11.6,°C,Stable,38:30.6
126,12.7,°C,38:30.6,00:04.2,38:30.6,12.7,°C,12.24242424,°C,38:34.4,11.9,°C,Stable,38:34.8
127,11.7,°C,38:34.8,00:10.0,38:41.4,12.4,°C,11.69875,°C,38:44.6,10.8,°C,Stable,38:44.8
128,10.7,°C,38:44.8,00:02.3,38:46.8,11.5,°C,11.03333333,°C,38:44.8,10.7,°C,Stable,38:47.1
129,11.7,°C,38:47.1,00:15.4,38:48.6,12.1,°C,11.45,°C,38:58.3,10.8,°C,Stable,39:02.5
130,10.4,°C,39:02.5,00:20.5,39:08.4,11.3,°C,10.29444444,°C,39:03.6,9.5,°C,Stable,39:23.0
131,9.4,°C,39:23.0,00:14.9,39:26.0,10.3,°C,9.838983051,°C,39:35.0,9.3,°C,Stable,39:37.9
132,10.4,°C,39:37.9,00:01.6,39:37.9,10.4,°C,9.976923077,°C,39:39.0,9.5,°C,Stable,39:39.5
133,9.1,°C,39:39.5,00:01.0,39:39.5,9.1,°C,8.8375,°C,39:40.2,8.6,°C,Unstable,39:40.6
134,8,°C,39:40.6,00:02.6,39:42.9,8.9,°C,8.325,°C,39:41.0,7.9,°C,Stable,39:43.1
135,9.1,°C,39:43.1,00:02.3,39:45.1,10,°C,9.533333333,°C,39:43.1,9.1,°C,Stable,39:45.4
136,10.2,°C,39:45.4,00:04.5,39:46.2,10.4,°C,9.930555556,°C,39:49.6,9.3,°C,Stable,39:50.0
137,9,°C,39:50.0,00:05.2,39:54.8,9.8,°C,8.887804878,°C,39:51.4,8.3,°C,Stable,39:55.2
138,10,°C,39:55.2,00:07.8,39:55.6,10.1,°C,9.59516129,°C,40:02.7,9.2,°C,Stable,40:03.0
139,8.9,°C,40:03.0,00:01.8,40:03.0,8.9,°C,8.685714286,°C,40:04.6,8.2,°C,Stable,40:04.8
140,7.8,°C,40:04.8,00:05.7,40:10.1,8.7,°C,7.702222222,°C,40:06.5,7,°C,Stable,40:10.5
141,8.9,°C,40:10.5,00:03.8,40:11.5,9.4,°C,8.98,°C,40:13.8,8.1,°C,Stable,40:14.3
142,7.9,°C,40:14.3,00:01.4,40:14.3,7.9,°C,7.472727273,°C,40:15.5,7,°C,Unstable,40:15.7
143,6.9,°C,40:15.7,00:01.9,40:17.2,7.6,°C,7.2,°C,40:15.7,6.9,°C,Stable,40:17.6
144,7.9,°C,40:17.6,00:01.8,40:19.2,8.8,°C,8.321428571,°C,40:17.6,7.9,°C,Stable,40:19.4
145,9,°C,40:19.4,00:08.7,40:19.4,9,°C,8.375362319,°C,40:26.2,8.1,°C,Stable,40:28.1
146,8,°C,40:28.1,00:02.5,40:28.1,8,°C,7.525,°C,40:30.4,7.1,°C,Stable,40:30.7
147,6.9,°C,40:30.7,00:04.5,40:34.8,7.8,°C,6.888888889,°C,40:31.4,6.2,°C,Stable,40:35.2
148,7.9,°C,40:35.2,00:02.6,40:35.6,8.1,°C,7.842857143,°C,40:37.5,7.4,°C,Stable,40:37.9
149,6.9,°C,40:37.9,00:01.8,40:37.9,6.9,°C,6.471428571,°C,40:39.4,6,°C,Stable,40:39.6
150,5.9,°C,40:39.6,00:02.3,40:41.5,6.8,°C,6.244444444,°C,40:39.6,5.9,°C,Stable,40:41.9
151,7,°C,40:41.9,00:01.9,40:43.5,7.9,°C,7.426666667,°C,40:41.9,7,°C,Stable,40:43.8
152,8,°C,40:43.8,00:02.6,40:43.8,8,°C,7.60952381,°C,40:46.0,7.1,°C,Stable,40:46.4
153,7,°C,40:46.4,00:09.0,40:48.3,7.1,°C,6.922535211,°C,40:55.0,6.1,°C,Stable,40:55.4
154,6,°C,40:55.4,00:03.8,40:58.8,6.9,°C,6.183333333,°C,40:56.5,5.7,°C,Stable,40:59.2
155,7.2,°C,40:59.2,00:04.0,41:00.3,7.6,°C,7.1125,°C,41:02.9,6.3,°C,Stable,41:03.2
156,6,°C,41:03.2,00:04.6,41:07.4,6.8,°C,5.872222222,°C,41:04.3,5.3,°C,Stable,41:07.8
157,7,°C,41:07.8,00:03.8,41:08.5,7.3,°C,6.756666667,°C,41:11.0,6.1,°C,Stable,41:11.5
158,5.9,°C,41:11.5,00:09.1,41:13.0,6.2,°C,5.794444444,°C,41:20.1,5.1,°C,Stable,41:20.6
159,4.6,°C,41:20.6,00:02.6,41:22.8,5.5,°C,4.855,°C,41:20.9,4.4,°C,Stable,41:23.1
160,5.7,°C,41:23.1,00:05.8,41:25.0,6.6,°C,5.852173913,°C,41:28.4,4.9,°C,Stable,41:29.0
161,4.6,°C,41:29.0,00:03.4,41:32.1,5.5,°C,4.874074074,°C,41:29.0,4.6,°C,Stable,41:32.4
162,5.6,°C,41:32.4,00:11.6,41:34.0,6.2,°C,5.682608696,°C,41:43.3,4.8,°C,Stable,41:44.1
163,4.6,°C,41:44.1,00:02.3,41:44.1,4.6,°C,4.1,°C,41:45.9,3.7,°C,Stable,41:46.4
164,3.5,°C,41:46.4,00:02.5,41:48.5,4.3,°C,3.815,°C,41:46.6,3.4,°C,Stable,41:48.9
165,4.5,°C,41:48.9,00:01.9,41:50.3,5.4,°C,4.926666667,°C,41:48.9,4.5,°C,Stable,41:50.8
166,5.6,°C,41:50.8,00:01.1,41:50.8,5.6,°C,5.111111111,°C,41:51.5,4.8,°C,Unstable,41:52.0
167,4.5,°C,41:52.0,00:02.2,41:52.0,4.5,°C,4.029411765,°C,41:53.7,3.7,°C,Stable,41:54.1
168,3.3,°C,41:54.1,00:02.7,41:56.4,4.3,°C,3.657142857,°C,41:54.5,3.2,°C,Stable,41:56.8
169,4.5,°C,41:56.8,00:13.1,41:57.9,5.2,°C,4.466346154,°C,42:09.5,3.8,°C,Stable,42:09.9
170,3.4,°C,42:09.9,00:03.4,42:12.8,4.2,°C,3.551851852,°C,42:10.5,3,°C,Stable,42:13.3
171,4.5,°C,42:13.3,00:02.9,42:14.4,4.9,°C,4.465217391,°C,42:15.8,3.6,°C,Stable,42:16.2
172,3.4,°C,42:16.2,00:04.4,42:20.4,4.3,°C,3.52,°C,42:17.3,3.1,°C,Stable,42:20.6
173,4.4,°C,42:20.6,00:06.5,42:21.8,4.9,°C,4.11372549,°C,42:26.3,3.5,°C,Stable,42:27.1
174,3.4,°C,42:27.1,00:07.9,42:30.1,3.6,°C,3.361290323,°C,42:34.5,2.5,°C,Stable,42:34.9
175,2.4,°C,42:34.9,00:01.9,42:36.3,3.1,°C,2.753333333,°C,42:34.9,2.4,°C,Stable,42:36.8
176,3.4,°C,42:36.8,00:02.3,42:38.6,4.3,°C,3.872222222,°C,42:36.8,3.4,°C,Stable,42:39.1
177,4.5,°C,42:39.1,00:02.5,42:39.1,4.5,°C,3.375,°C,42:41.3,2.5,°C,Unstable,42:41.6
178,2.2,°C,42:41.6,00:03.7,42:45.0,3.1,°C,2.386206897,°C,42:42.4,1.9,°C,Stable,42:45.3
179,3.3,°C,42:45.3,00:13.5,42:46.9,4.2,°C,3.006542056,°C,42:52.5,2.4,°C,Stable,42:58.8
180,2.3,°C,42:58.8,00:05.6,43:04.1,3.1,°C,2.247727273,°C,43:01.1,1.6,°C,Stable,43:04.4
181,3.3,°C,43:04.4,00:03.4,43:04.9,3.6,°C,3.133333333,°C,43:07.4,2.5,°C,Stable,43:07.8
182,2.3,°C,43:07.8,00:05.5,43:13.1,3.2,°C,2.143181818,°C,43:09.3,1.5,°C,Stable,43:13.3
183,3.3,°C,43:13.3,00:02.8,43:13.3,3.3,°C,2.722727273,°C,43:15.3,2.4,°C,Stable,43:16.1
184,2.2,°C,43:16.1,00:07.1,43:16.1,2.2,°C,1.85,°C,43:22.8,1.3,°C,Stable,43:23.2
185,1.1,°C,43:23.2,00:02.2,43:23.2,1.1,°C,0.688235294,°C,43:25.0,0.2,°C,Stable,43:25.4
186,0,°C,43:25.4,00:03.0,43:27.9,0.6,°C,0.020833333,°C,43:26.1,-0.4,°C,Stable,43:28.4
187,1,°C,43:28.4,00:01.8,43:29.8,1.9,°C,1.435714286,°C,43:28.4,1,°C,Stable,43:30.2
188,2,°C,43:30.2,00:02.3,43:30.7,2.1,°C,1.666666667,°C,43:32.1,1.1,°C,Stable,43:32.5
189,0.8,°C,43:32.5,00:05.6,43:37.7,1.6,°C,0.813333333,°C,43:35.5,0.4,°C,Stable,43:38.1
190,1.8,°C,43:38.1,00:08.9,43:38.5,1.9,°C,1.287142857,°C,43:46.4,0.9,°C,Stable,43:47.0
191,0.6,°C,43:47.0,00:01.7,43:47.0,0.6,°C,0.207692308,°C,43:48.2,-0.1,°C,Stable,43:48.7
192,-0.4,°C,43:48.7,00:03.4,43:51.5,0.5,°C,-0.180769231,°C,43:49.3,-0.7,°C,Stable,43:52.0
193,0.8,°C,43:52.0,00:02.2,43:53.8,1.7,°C,1.294117647,°C,43:52.0,0.8,°C,Stable,43:54.2
194,1.8,°C,43:54.2,00:01.5,43:54.2,1.8,°C,1.341666667,°C,43:55.4,0.9,°C,Stable,43:55.7
195,0.7,°C,43:55.7,00:01.9,43:55.7,0.7,°C,0.213333333,°C,43:57.1,-0.2,°C,Stable,43:57.6
196,-0.4,°C,43:57.6,00:04.4,44:01.6,0.4,°C,-0.231428571,°C,43:59.0,-0.6,°C,Stable,44:02.1
197,0.7,°C,44:02.1,00:10.1,44:02.5,0.9,°C,0.3775,°C,44:11.7,-0.2,°C,Stable,44:12.2
198,-0.4,°C,44:12.2,00:05.6,44:17.4,0.3,°C,-0.6,°C,44:14.0,-1.3,°C,Stable,44:17.8
199,0.6,°C,44:17.8,00:02.7,44:18.5,0.9,°C,0.442857143,°C,44:20.1,-0.2,°C,Stable,44:20.4
200,-0.4,°C,44:20.4,00:05.6,44:25.6,0.5,°C,-0.475,°C,44:22.3,-1,°C,Stable,44:26.0
201,0.6,°C,44:26.0,00:04.4,44:26.8,0.8,°C,0.305714286,°C,44:30.2,-0.3,°C,Stable,44:30.4
202,-0.5,°C,44:30.4,00:08.2,44:32.4,-0.3,°C,-0.643076923,°C,44:37.5,-1.3,°C,Stable,44:38.7
203,-1.5,°C,44:38.7,00:02.7,44:40.9,-0.6,°C,-1.133333333,°C,44:38.7,-1.5,°C,Stable,44:41.3
204,-0.4,°C,44:41.3,00:20.6,44:43.1,0.5,°C,-0.674390244,°C,44:48.5,-1.3,°C,Stable,45:01.9
205,-1.4,°C,45:01.9,00:01.9,45:01.9,-1.4,°C,-1.893333333,°C,45:03.3,-2.3,°C,Stable,45:03.8
206,-2.6,°C,45:03.8,00:04.5,45:07.9,-1.7,°C,-2.627777778,°C,45:05.0,-3.3,°C,Stable,45:08.4
207,-1.4,°C,45:08.4,00:05.6,45:09.0,-1.1,°C,-1.690909091,°C,45:13.5,-2.3,°C,Stable,45:14.0
208,-2.6,°C,45:14.0,00:02.3,45:15.7,-1.7,°C,-2.183333333,°C,45:14.0,-2.6,°C,Stable,45:16.2
209,-1.6,°C,45:16.2,00:10.4,45:17.3,-1,°C,-1.641463415,°C,45:26.3,-2.3,°C,Stable,45:26.7
210,-2.6,°C,45:26.7,00:02.5,45:26.7,-2.6,°C,-2.995,°C,45:28.9,-3.3,°C,Stable,45:29.2
211,-3.6,°C,45:29.2,00:02.0,45:30.8,-2.8,°C,-3.26875,°C,45:29.2,-3.6,°C,Stable,45:31.2
212,-2.6,°C,45:31.2,00:01.9,45:32.6,-1.8,°C,-2.16,°C,45:31.2,-2.6,°C,Stable,45:33.1
213,-1.5,°C,45:33.1,00:02.3,45:33.3,-1.4,°C,-1.761111111,°C,45:34.8,-2.2,°C,Stable,45:35.3
214,-2.5,°C,45:35.3,00:01.8,45:35.3,-2.5,°C,-2.992857143,°C,45:36.7,-3.4,°C,Stable,45:37.1
215,-3.6,°C,45:37.1,00:03.8,45:40.4,-2.9,°C,-3.463333333,°C,45:38.2,-3.9,°C,Stable,45:40.9
216,-2.5,°C,45:40.9,00:04.8,45:41.6,-2.1,°C,-2.647368421,°C,45:45.4,-3.4,°C,Stable,45:45.7
217,-3.5,°C,45:45.7,00:05.9,45:48.8,-3.3,°C,-3.625531915,°C,45:51.3,-4.4,°C,Stable,45:51.7
218,-4.5,°C,45:51.7,00:02.2,45:51.7,-4.5,°C,-4.811764706,°C,45:53.6,-5.3,°C,Stable,45:53.9
219,-5.6,°C,45:53.9,00:02.3,45:55.8,-4.7,°C,-5.255555556,°C,45:53.9,-5.6,°C,Stable,45:56.2
220,-4.5,°C,45:56.2,00:01.9,45:57.7,-3.6,°C,-4.06,°C,45:56.2,-4.5,°C,Stable,45:58.1
221,-3.4,°C,45:58.1,00:03.0,45:58.1,-3.4,°C,-3.875,°C,46:00.6,-4.3,°C,Stable,46:01.1
222,-4.5,°C,46:01.1,00:15.7,46:06.7,-3.6,°C,-4.351612903,°C,46:16.4,-5.3,°C,Stable,46:16.8
223,-5.5,°C,46:16.8,00:04.9,46:21.3,-4.7,°C,-5.635897436,°C,46:19.0,-6.2,°C,Stable,46:21.7
224,-4.5,°C,46:21.7,00:01.8,46:23.1,-3.6,°C,-4.028571429,°C,46:21.7,-4.5,°C,Stable,46:23.5
225,-3.4,°C,46:23.5,00:01.2,46:23.5,-3.4,°C,-3.666666667,°C,46:24.2,-3.9,°C,Unstable,46:24.7
226,-4.4,°C,46:24.7,00:02.9,46:24.7,-4.4,°C,-4.908695652,°C,46:27.2,-5.3,°C,Stable,46:27.6
227,-5.4,°C,46:27.6,00:02.7,46:29.9,-4.6,°C,-5.085714286,°C,46:27.6,-5.4,°C,Stable,46:30.3
228,-4.3,°C,46:30.3,00:10.5,46:31.8,-3.7,°C,-4.392771084,°C,46:40.3,-5.2,°C,Stable,46:40.7
229,-5.6,°C,46:40.7,00:03.0,46:40.7,-5.6,°C,-6.045833333,°C,46:43.2,-6.5,°C,Stable,46:43.7
230,-6.6,°C,46:43.7,00:02.3,46:45.5,-5.7,°C,-6.183333333,°C,46:43.7,-6.6,°C,Stable,46:46.0
231,-5.5,°C,46:46.0,00:05.1,46:47.8,-4.6,°C,-5.4475,°C,46:50.8,-6.4,°C,Stable,46:51.1
232,-6.5,°C,46:51.1,00:02.8,46:53.4,-5.7,°C,-6.136363636,°C,46:51.1,-6.5,°C,Stable,46:53.9
233,-5.5,°C,46:53.9,00:09.6,46:55.3,-4.9,°C,-5.676315789,°C,47:02.8,-6.4,°C,Stable,47:03.5
234,-6.6,°C,47:03.5,00:02.7,47:03.5,-6.6,°C,-6.947619048,°C,47:05.8,-7.5,°C,Stable,47:06.2
235,-7.7,°C,47:06.2,00:04.5,47:10.2,-6.9,°C,-7.752777778,°C,47:07.7,-8.3,°C,Stable,47:10.7
236,-6.6,°C,47:10.7,00:04.0,47:11.7,-6,°C,-6.675,°C,47:14.3,-7.5,°C,Stable,47:14.7
237,-7.7,°C,47:14.7,00:04.5,47:18.8,-6.8,°C,-7.766666667,°C,47:16.6,-8.3,°C,Stable,47:19.2
238,-6.6,°C,47:19.2,00:10.5,47:20.2,-6.1,°C,-7.009638554,°C,47:28.2,-7.5,°C,Stable,47:29.7
239,-7.7,°C,47:29.7,00:05.2,47:34.5,-6.9,°C,-7.92195122,°C,47:31.9,-8.6,°C,Stable,47:34.9
240,-6.6,°C,47:34.9,00:04.2,47:35.7,-6.1,°C,-6.836363636,°C,47:37.9,-7.5,°C,Stable,47:39.1
241,-7.7,°C,47:39.1,00:05.2,47:43.9,-6.8,°C,-7.702439024,°C,47:41.3,-8.2,°C,Stable,47:44.3
242,-6.5,°C,47:44.3,00:03.4,47:45.0,-6.3,°C,-6.751851852,°C,47:47.2,-7.4,°C,Stable,47:47.7
243,-7.6,°C,47:47.7,00:07.4,47:47.7,-7.6,°C,-7.794827586,°C,47:54.7,-8.6,°C,Stable,47:55.1
244,-8.8,°C,47:55.1,00:03.0,47:55.1,-8.8,°C,-9.2625,°C,47:57.0,-9.6,°C,Stable,47:58.1
245,-9.8,°C,47:58.1,00:01.5,47:59.2,-9.1,°C,-9.475,°C,47:58.1,-9.8,°C,Stable,47:59.6
246,-8.8,°C,47:59.6,00:01.6,48:00.7,-8,°C,-8.358333333,°C,47:59.6,-8.8,°C,Stable,48:01.2
247,-7.7,°C,48:01.2,00:01.8,48:02.6,-6.9,°C,-7.314285714,°C,48:01.2,-7.7,°C,Stable,48:02.9
248,-6.7,°C,48:02.9,00:02.3,48:02.9,-6.7,°C,-7.044444444,°C,48:04.9,-7.6,°C,Stable,48:05.3
249,-7.8,°C,48:05.3,00:03.0,48:05.3,-7.8,°C,-8.341666667,°C,48:07.9,-8.6,°C,Stable,48:08.3
250,-8.8,°C,48:08.3,00:02.5,48:10.4,-7.9,°C,-8.52,°C,48:08.5,-8.9,°C,Stable,48:10.8
251,-7.7,°C,48:10.8,00:06.4,48:11.6,-7.3,°C,-8.060784314,°C,48:16.9,-8.6,°C,Stable,48:17.2
252,-8.7,°C,48:17.2,00:02.5,48:17.2,-8.7,°C,-9.05,°C,48:19.5,-9.5,°C,Stable,48:19.8
253,-9.7,°C,48:19.8,00:02.7,48:20.3,-9.6,°C,-9.842857143,°C,48:22.1,-10.3,°C,Stable,48:22.4
254,-10.7,°C,48:22.4,00:02.3,48:24.2,-10,°C,-10.5,°C,48:22.8,-10.8,°C,Stable,48:24.8
255,-9.7,°C,48:24.8,00:01.8,48:26.2,-8.8,°C,-9.185714286,°C,48:24.8,-9.7,°C,Stable,48:26.5
256,-8.6,°C,48:26.5,00:01.9,48:26.5,-8.6,°C,-8.98,°C,48:28.1,-9.5,°C,Stable,48:28.4
257,-9.7,°C,48:28.4,00:12.3,48:37.4,-9,°C,-9.944329897,°C,48:40.5,-10.6,°C,Stable,48:40.8
258,-10.8,°C,48:40.8,00:02.3,48:42.7,-9.9,°C,-10.52777778,°C,48:41.2,-10.9,°C,Stable,48:43.0
259,-9.7,°C,48:43.0,00:11.6,48:44.6,-8.9,°C,-9.759782609,°C,48:54.2,-10.6,°C,Stable,48:54.6
260,-10.7,°C,48:54.6,00:05.2,48:59.6,-9.9,°C,-10.90731707,°C,48:56.1,-11.5,°C,Stable,48:59.8
261,-9.7,°C,48:59.8,00:03.1,49:00.2,-9.6,°C,-10.06,°C,49:02.5,-10.6,°C,Stable,49:03.0
262,-10.8,°C,49:03.0,00:16.8,49:07.8,-9.9,°C,-10.6593985,°C,49:19.3,-11.7,°C,Stable,49:19.7
263,-11.9,°C,49:19.7,00:04.9,49:24.2,-11.1,°C,-11.86666667,°C,49:21.5,-12.3,°C,Stable,49:24.6
264,-10.8,°C,49:24.6,00:09.0,49:33.2,-10,°C,-10.76478873,°C,49:30.6,-11.4,°C,Stable,49:33.6
265,-9.8,°C,49:33.6,00:09.3,49:34.4,-9.6,°C,-10.20540541,°C,49:41.8,-10.7,°C,Stable,49:42.9
266,-10.8,°C,49:42.9,00:02.6,49:42.9,-10.8,°C,-11.14285714,°C,49:45.2,-11.6,°C,Stable,49:45.6
267,-11.8,°C,49:45.6,00:28.4,49:50.4,-10.9,°C,-11.56533333,°C,49:47.4,-12.6,°C,Stable,50:14.0
268,-10.8,°C,50:14.0,00:03.7,50:14.3,-10.6,°C,-11.01724138,°C,50:17.0,-11.7,°C,Stable,50:17.6
269,-11.8,°C,50:17.6,00:02.0,50:17.6,-11.8,°C,-12.20666667,°C,50:19.2,-12.7,°C,Stable,50:19.6
270,-12.9,°C,50:19.6,00:02.5,50:21.9,-12,°C,-12.705,°C,50:19.9,-13.1,°C,Stable,50:22.1
271,-11.9,°C,50:22.1,00:10.6,50:22.9,-11.5,°C,-11.87261905,°C,50:31.9,-12.8,°C,Stable,50:32.7
272,-13,°C,50:32.7,00:05.9,50:38.3,-12.1,°C,-13.10212766,°C,50:34.9,-13.7,°C,Stable,50:38.6
273,-12,°C,50:38.6,00:01.4,50:38.6,-12,°C,-12.35454545,°C,50:39.7,-12.7,°C,Unstable,50:40.1
274,-13,°C,50:40.1,00:05.3,50:45.0,-12.2,°C,-13.06666667,°C,50:42.3,-13.6,°C,Stable,50:45.4
275,-12,°C,50:45.4,00:07.8,50:46.2,-11.7,°C,-12.39354839,°C,50:52.5,-12.9,°C,Stable,50:53.2
276,-13,°C,50:53.2,00:04.8,50:54.0,-12.8,°C,-13.12894737,°C,50:57.7,-13.9,°C,Stable,50:58.1
277,-14.2,°C,50:58.1,00:01.5,50:58.1,-14.2,°C,-14.61666667,°C,50:59.1,-14.9,°C,Stable,50:59.6
278,-15.2,°C,50:59.6,00:02.3,51:01.4,-14.5,°C,-14.96666667,°C,51:00.0,-15.3,°C,Stable,51:01.9
279,-14.1,°C,51:01.9,00:01.4,51:03.0,-13.2,°C,-13.63636364,°C,51:01.9,-14.1,°C,Unstable,51:03.3
280,-13,°C,51:03.3,00:03.4,51:03.7,-12.9,°C,-13.29259259,°C,51:06.3,-13.9,°C,Stable,51:06.7
281,-14,°C,51:06.7,00:03.7,51:10.0,-13.2,°C,-13.94137931,°C,51:07.7,-14.4,°C,Stable,51:10.4
282,-13,°C,51:10.4,00:10.1,51:11.9,-12.5,°C,-13.13,°C,51:20.1,-13.9,°C,Stable,51:20.5
283,-14,°C,51:20.5,00:02.7,51:20.5,-14,°C,-14.46666667,°C,51:22.7,-14.9,°C,Stable,51:23.2
284,-15.2,°C,51:23.2,00:05.9,51:28.8,-14.3,°C,-15.36808511,°C,51:26.1,-16.2,°C,Stable,51:29.1
285,-14,°C,51:29.1,00:05.6,51:29.5,-13.8,°C,-14.18863636,°C,51:34.4,-14.8,°C,Stable,51:34.7
286,-15,°C,51:34.7,00:13.9,51:38.5,-14.2,°C,-15.02,°C,51:48.2,-15.8,°C,Stable,51:48.5
287,-16.1,°C,51:48.5,00:01.9,51:48.5,-16.1,°C,-16.46,°C,51:50.1,-16.9,°C,Stable,51:50.4
288,-17.2,°C,51:50.4,00:01.9,51:51.8,-16.7,°C,-17.04,°C,51:50.8,-17.3,°C,Stable,51:52.3
289,-16.2,°C,51:52.3,00:01.5,51:53.5,-15.3,°C,-15.725,°C,51:52.3,-16.2,°C,Stable,51:53.8
290,-15.1,°C,51:53.8,00:19.9,52:03.1,-14.5,°C,-15.16835443,°C,52:13.2,-16,°C,Stable,52:13.7
291,-16.1,°C,52:13.7,00:02.5,52:15.9,-15.3,°C,-15.83,°C,52:13.7,-16.1,°C,Stable,52:16.2
292,-15.1,°C,52:16.2,00:21.0,52:17.6,-14.4,°C,-15.15180723,°C,52:23.3,-16,°C,Stable,52:37.3
293,-16.1,°C,52:37.3,00:02.5,52:37.3,-16.1,°C,-16.43,°C,52:39.4,-16.8,°C,Stable,52:39.8
294,-17.1,°C,52:39.8,00:03.4,52:42.8,-16.2,°C,-16.85185185,°C,52:40.0,-17.3,°C,Stable,52:43.2
295,-16.1,°C,52:43.2,00:02.2,52:43.2,-16.1,°C,-16.52352941,°C,52:45.1,-17,°C,Stable,52:45.3
296,-17.3,°C,52:45.3,00:21.3,52:53.3,-16.7,°C,-17.44674556,°C,53:06.4,-18.2,°C,Stable,53:06.7
297,-18.3,°C,53:06.7,00:03.4,53:06.7,-18.3,°C,-18.76666667,°C,53:09.7,-19.2,°C,Stable,53:10.1
298,-19.3,°C,53:10.1,00:01.9,53:11.5,-18.5,°C,-18.92,°C,53:10.1,-19.3,°C,Stable,53:12.0
299,-18.1,°C,53:12.0,00:04.5,53:12.7,-17.8,°C,-18.26571429,°C,53:16.1,-18.9,°C,Stable,53:16.5
300,-19.1,°C,53:16.5,00:21.7,53:19.8,-18.2,°C,-18.9372093,°C,53:32.2,-20,°C,Stable,53:38.2
301,-20.1,°C,53:38.2,00:05.9,53:43.8,-19.2,°C,-20.38510638,°C,53:40.4,-20.9,°C,Stable,53:44.1
302,-19.1,°C,53:44.1,00:07.9,53:44.6,-19,°C,-19.54354839,°C,53:51.7,-20,°C,Stable,53:51.9
303,-20.1,°C,53:51.9,00:02.8,53:51.9,-20.1,°C,-20.50909091,°C,53:54.2,-21,°C,Stable,53:54.7
304,-21.1,°C,53:54.7,00:05.8,54:00.3,-20.3,°C,-21.49565217,°C,53:56.1,-21.9,°C,Stable,54:00.5
305,-20,°C,54:00.5,00:04.6,54:01.4,-19.6,°C,-20.12222222,°C,54:04.7,-20.9,°C,Stable,54:05.1
306,-21,°C,54:05.1,00:05.6,54:10.4,-20.2,°C,-20.97045455,°C,54:06.5,-21.4,°C,Stable,54:10.7
307,-20,°C,54:10.7,00:03.4,54:10.7,-20,°C,-20.2962963,°C,54:13.7,-20.9,°C,Stable,54:14.1
308,-21.1,°C,54:14.1,00:02.6,54:16.3,-20.4,°C,-20.92,°C,54:14.4,-21.2,°C,Stable,54:16.7
309,-20.1,°C,54:16.7,00:07.8,54:17.4,-19.8,°C,-20.5016129,°C,54:23.0,-21,°C,Stable,54:24.5
310,-21.2,°C,54:24.5,00:07.8,54:28.3,-20.4,°C,-21.09180328,°C,54:32.0,-22,°C,Stable,54:32.3
311,-22.2,°C,54:32.3,00:02.3,54:34.2,-21.5,°C,-22.04444444,°C,54:32.8,-22.3,°C,Stable,54:34.5
312,-21.2,°C,54:34.5,00:12.0,54:35.7,-20.7,°C,-21.55789474,°C,54:46.2,-22.1,°C,Stable,54:46.5
313,-22.2,°C,54:46.5,00:03.7,54:50.0,-21.3,°C,-22.03793103,°C,54:47.7,-22.4,°C,Stable,54:50.2
314,-21,°C,54:50.2,00:20.7,54:52.2,-20.1,°C,-21.08414634,°C,55:04.2,-21.9,°C,Stable,55:10.9
315,-22,°C,55:10.9,00:03.7,55:14.4,-21.1,°C,-21.74827586,°C,55:11.6,-22.2,°C,Stable,55:14.6
316,-21,°C,55:14.6,00:13.5,55:15.0,-20.9,°C,-21.22056075,°C,55:27.7,-21.8,°C,Stable,55:28.1
317,-22,°C,55:28.1,00:05.6,55:33.5,-21.1,°C,-22.16363636,°C,55:30.7,-22.7,°C,Stable,55:33.7
318,-20.9,°C,55:33.7,00:03.7,55:34.5,-20.7,°C,-21.10344828,°C,55:37.1,-21.8,°C,Stable,55:37.4
319,-21.9,°C,55:37.4,00:11.3,55:37.4,-21.9,°C,-22.25842697,°C,55:48.3,-22.8,°C,Stable,55:48.7
320,-23,°C,55:48.7,00:02.3,55:50.6,-22.2,°C,-22.7,°C,55:48.7,-23,°C,Stable,55:50.9
321,-22,°C,55:50.9,00:19.9,55:52.5,-21.2,°C,-22.17961783,°C,55:58.1,-22.9,°C,Stable,56:10.8
322,-23.1,°C,56:10.8,00:01.4,56:10.8,-23.1,°C,-23.51818182,°C,56:11.9,-23.9,°C,Unstable,56:12.3
323,-24.2,°C,56:12.3,00:01.7,56:12.3,-24.2,°C,-24.62307692,°C,56:13.4,-24.9,°C,Stable,56:13.9
324,-25.2,°C,56:13.9,00:05.5,56:19.0,-24.2,°C,-25.38139535,°C,56:16.1,-26.1,°C,Stable,56:19.4
325,-24,°C,56:19.4,00:01.9,56:19.4,-24,°C,-24.3,°C,56:20.9,-24.7,°C,Stable,56:21.3
326,-25,°C,56:21.3,00:10.5,56:21.3,-25,°C,-25.31445783,°C,56:31.3,-25.9,°C,Stable,56:31.8
327,-26.1,°C,56:31.8,00:04.4,56:35.8,-25.1,°C,-26.12285714,°C,56:33.6,-26.6,°C,Stable,56:36.2
328,-24.7,°C,56:36.2,00:20.3,56:44.4,-24.1,°C,-24.52981366,°C,56:56.0,-25.5,°C,Stable,56:56.5
329,-25.8,°C,56:56.5,00:01.7,56:56.5,-25.8,°C,-26.26153846,°C,56:57.9,-26.7,°C,Stable,56:58.2
330,-26.9,°C,56:58.2,00:03.8,57:01.6,-26.2,°C,-27.02666667,°C,56:59.9,-27.5,°C,Stable,57:02.0
331,-25.8,°C,57:02.0,00:17.5,57:19.2,-24.8,°C,-25.86304348,°C,57:05.5,-26.6,°C,Stable,57:19.5
332,-24.6,°C,57:19.5,00:02.7,57:20.0,-24.5,°C,-24.81428571,°C,57:21.8,-25.4,°C,Stable,57:22.2
333,-25.6,°C,57:22.2,00:14.6,57:27.3,-24.7,°C,-25.87586207,°C,57:36.4,-26.6,°C,Stable,57:36.8
334,-26.8,°C,57:36.8,00:09.0,57:45.4,-25.9,°C,-27.25492958,°C,57:38.3,-27.8,°C,Stable,57:45.8
335,-25.7,°C,57:45.8,00:12.4,57:45.8,-25.7,°C,-26.17142857,°C,57:57.4,-26.6,°C,Stable,57:58.2
336,-27,°C,57:58.2,00:06.3,58:01.8,-26.7,°C,-27.322,°C,57:59.6,-28,°C,Stable,58:04.5
337,-28.1,°C,58:04.5,00:06.4,58:10.5,-27.1,°C,-28.334,°C,58:06.0,-28.9,°C,Stable,58:10.8
338,-26.9,°C,58:10.8,00:11.2,58:13.4,-26.6,°C,-26.93595506,°C,58:21.7,-27.9,°C,Stable,58:22.0
339,-28,°C,58:22.0,00:05.9,58:27.7,-26.9,°C,-28.10851064,°C,58:24.6,-28.7,°C,Stable,58:27.9
340,-26.7,°C,58:27.9,00:11.2,58:28.5,-26.6,°C,-27.40898876,°C,58:32.1,-27.7,°C,Stable,58:39.2
341,-27.8,°C,58:39.2,00:27.4,58:44.5,-27,°C,-27.68202765,°C,59:06.1,-28.8,°C,Stable,59:06.6
342,-29.1,°C,59:06.6,00:07.1,59:06.6,-29.1,°C,-29.65714286,°C,59:08.4,-30.2,°C,Stable,59:13.7
343,-30.3,°C,59:13.7,00:05.3,59:18.5,-29.1,°C,-30.00952381,°C,59:14.0,-30.4,°C,Stable,59:19.0
344,-28.7,°C,59:19.0,00:10.3,59:19.7,-28.5,°C,-28.89506173,°C,59:29.1,-29.7,°C,Stable,59:29.3
345,-29.9,°C,59:29.3,00:02.7,59:29.3,-29.9,°C,-30.5047619,°C,59:31.6,-31,°C,Stable,59:32.0
346,-31.2,°C,59:32.0,00:16.8,59:36.4,-30,°C,-30.79548872,°C,59:48.4,-32.4,°C,Stable,59:48.8
347,-32.5,°C,59:48.8,00:02.2,59:50.7,-31.4,°C,-32.19411765,°C,59:49.2,-32.6,°C,Stable,59:51.0
348,-31.1,°C,59:51.0,00:24.1,00:14.6,-29.9,°C,-31.09424084,°C,59:57.1,-32.1,°C,Stable,00:15.1
349,-29.8,°C,00:15.1,00:11.5,00:15.1,-29.8,°C,-30.23186813,°C,00:26.2,-30.9,°C,Stable,00:26.6
350,-31,°C,00:26.6,00:13.5,00:32.5,-30.2,°C,-31.26728972,°C,00:39.7,-32.2,°C,Stable,00:40.1
351,-32.3,°C,00:40.1,00:04.2,00:40.1,-32.3,°C,-32.71212121,°C,00:43.8,-33.5,°C,Stable,00:44.3
352,-33.6,°C,00:44.3,00:03.7,00:47.6,-32.3,°C,-33.23793103,°C,00:44.3,-33.6,°C,Stable,00:47.9
353,-32,°C,00:47.9,00:24.3,01:11.9,-30.8,°C,-31.86544503,°C,00:55.5,-33,°C,Stable,01:12.3
354,-30.6,°C,01:12.3,00:04.6,01:12.3,-30.6,°C,-31.13888889,°C,01:16.0,-31.8,°C,Stable,01:16.9
355,-31.9,°C,01:16.9,00:03.3,01:19.7,-30.7,°C,-31.28076923,°C,01:16.9,-31.9,°C,Stable,01:20.1
356,-30.4,°C,01:20.1,00:12.3,01:20.5,-30.3,°C,-31.04489796,°C,01:32.0,-31.5,°C,Stable,01:32.5
357,-31.7,°C,01:32.5,01:43.3,01:37.6,-30.5,°C,-31.54283966,°C,02:54.7,-32.9,°C,Stable,03:15.7
358,-33.1,°C,03:15.7,00:04.5,03:19.7,-31.8,°C,-32.69166667,°C,03:16.4,-33.4,°C,Stable,03:20.3
359,-31.5,°C,03:20.3,00:06.7,03:21.4,-31.1,°C,-31.84528302,°C,03:26.5,-32.7,°C,Stable,03:27.0
360,-32.9,°C,03:27.0,00:16.8,03:43.3,-31.7,°C,-32.45789474,°C,03:27.7,-33.2,°C,Stable,03:43.8
361,-31.5,°C,03:43.8,00:03.4,03:44.5,-31.4,°C,-31.93333333,°C,03:46.7,-32.6,°C,Stable,03:47.2
362,-32.8,°C,03:47.2,00:04.8,03:51.6,-31.5,°C,-32.40526316,°C,03:47.9,-33,°C,Stable,03:52.0
363,-31.4,°C,03:52.0,00:15.7,03:52.0,-31.4,°C,-32.08548387,°C,04:02.4,-32.6,°C,Stable,04:07.7
364,-32.7,°C,04:07.7,02:39.2,04:56.0,-31.7,°C,-32.81459159,°C,06:46.7,-34,°C,Stable,06:47.0
365,-34.1,°C,06:47.0,00:04.2,06:50.4,-32.8,°C,-33.43636364,°C,06:47.0,-34.1,°C,Stable,06:51.1
366,-32.6,°C,06:51.1,00:09.6,06:51.1,-32.6,°C,-33.06315789,°C,07:00.5,-33.9,°C,Stable,07:00.8
367,-34,°C,07:00.8,00:12.8,07:04.9,-32.7,°C,-33.29803922,°C,07:01.3,-34.1,°C,Stable,07:13.6
368,-32.5,°C,07:13.6,00:20.6,07:13.6,-32.5,°C,-33.21840491,°C,07:28.3,-33.7,°C,Stable,07:34.2
369,-33.9,°C,07:34.2,06:43.6,07:39.5,-32.6,°C,-33.95081352,°C,11:59.0,-35.2,°C,Stable,14:17.8
370,-35.3,°C,14:17.8,01:47.7,15:56.6,-33.9,°C,-34.66107855,°C,15:24.7,-35.7,°C,Stable,16:05.5
371,-33.8,°C,16:05.5,01:03.6,17:08.4,-32.5,°C,-33.49960159,°C,16:11.1,-34.5,°C,Stable,17:09.1
372,-32.4,°C,17:09.1,01:12.9,18:21.4,-31.2,°C,-32.12495667,°C,17:28.9,-33,°C,Stable,18:22.0
373,-31.1,°C,18:22.0,01:07.8,19:28.8,-29.9,°C,-30.66331471,°C,18:25.5,-31.4,°C,Stable,19:29.8
374,-29.8,°C,19:29.8,00:56.2,20:17.3,-28.8,°C,-29.38939052,°C,19:33.2,-30,°C,Stable,20:26.0
375,-28.6,°C,20:26.0,00:50.8,21:16.1,-27.5,°C,-28.1818408,°C,20:29.9,-28.8,°C,Stable,21:16.8
376,-27.4,°C,21:16.8,00:50.1,22:04.7,-26.4,°C,-27.02070707,°C,21:19.3,-27.6,°C,Stable,22:06.9
377,-26.3,°C,22:06.9,00:50.1,22:50.0,-25.3,°C,-25.84570707,°C,22:09.2,-26.4,°C,Stable,22:57.0
378,-25.2,°C,22:57.0,00:42.3,23:33.4,-24.2,°C,-24.70446429,°C,22:57.0,-25.2,°C,Stable,23:39.3
379,-24.1,°C,23:39.3,00:38.5,24:13.9,-23.2,°C,-23.69542484,°C,23:40.5,-24.2,°C,Stable,24:17.9
380,-23.1,°C,24:17.9,00:46.0,24:56.0,-22.2,°C,-22.66538462,°C,24:17.9,-23.1,°C,Stable,25:03.9
381,-22.1,°C,25:03.9,00:44.2,25:42.5,-21.2,°C,-21.66275072,°C,25:04.7,-22.2,°C,Stable,25:48.0
382,-21.1,°C,25:48.0,00:41.2,26:25.8,-20.2,°C,-20.70368098,°C,25:48.0,-21.1,°C,Stable,26:29.2
383,-20.1,°C,26:29.2,00:46.5,27:11.2,-19.2,°C,-19.68396739,°C,26:29.2,-20.1,°C,Stable,27:15.7
384,-19.1,°C,27:15.7,00:36.6,27:46.0,-18.2,°C,-18.65363322,°C,27:15.7,-19.1,°C,Stable,27:52.3
385,-18.1,°C,27:52.3,00:39.6,28:27.5,-17.2,°C,-17.6156051,°C,27:53.1,-18.2,°C,Stable,28:31.9
386,-17.1,°C,28:31.9,00:38.5,29:09.6,-16.2,°C,-16.66315789,°C,28:32.3,-17.2,°C,Stable,29:10.4
387,-16.1,°C,29:10.4,00:34.0,29:40.4,-15.2,°C,-15.67583643,°C,29:12.4,-16.2,°C,Stable,29:44.4
388,-15.1,°C,29:44.4,00:35.2,30:18.5,-14.2,°C,-14.7046595,°C,29:44.4,-15.1,°C,Stable,30:19.6
389,-14.1,°C,30:19.6,00:31.4,30:48.1,-13.2,°C,-13.68835341,°C,30:20.0,-14.2,°C,Stable,30:51.1
390,-13.1,°C,30:51.1,00:36.6,31:24.0,-12.2,°C,-12.68892734,°C,30:51.7,-13.2,°C,Stable,31:27.7
391,-12.1,°C,31:27.7,00:36.3,32:01.4,-11.2,°C,-11.73658537,°C,31:28.1,-12.2,°C,Stable,32:04.0
392,-11.1,°C,32:04.0,00:28.4,32:30.5,-10.2,°C,-10.67688889,°C,32:04.0,-11.1,°C,Stable,32:32.5
393,-10.1,°C,32:32.5,00:32.5,33:03.8,-9.2,°C,-9.784435798,°C,32:32.7,-10.2,°C,Stable,33:04.9
394,-9.1,°C,33:04.9,00:39.0,33:35.6,-8.2,°C,-8.675080906,°C,33:05.3,-9.2,°C,Stable,33:44.0
395,-8.1,°C,33:44.0,00:27.6,34:08.1,-7.1,°C,-7.588073394,°C,33:45.0,-8.2,°C,Stable,34:11.6
396,-7,°C,34:11.6,00:37.8,34:48.2,-6.1,°C,-6.624333333,°C,34:11.9,-7.1,°C,Stable,34:49.4
397,-6,°C,34:49.4,00:28.4,35:14.5,-5.1,°C,-5.567555556,°C,34:49.4,-6,°C,Stable,35:17.8
398,-5,°C,35:17.8,00:29.2,35:46.3,-4.1,°C,-4.638528139,°C,35:18.3,-5.1,°C,Stable,35:47.0
399,-4,°C,35:47.0,00:36.8,36:16.7,-3.1,°C,-3.558075601,°C,35:47.5,-4.1,°C,Stable,36:23.8
400,-3,°C,36:23.8,00:25.4,36:44.7,-2.1,°C,-2.49009901,°C,36:23.8,-3,°C,Stable,36:49.2
401,-2,°C,36:49.2,00:38.1,37:22.4,-1.1,°C,-1.574086379,°C,36:49.9,-2.1,°C,Stable,37:27.4
402,-1,°C,37:27.4,00:28.7,37:55.0,-0.1,°C,-0.620264317,°C,37:27.4,-1,°C,Stable,37:56.1
403,0,°C,37:56.1,00:36.7,38:30.2,0.9,°C,0.333103448,°C,37:56.9,-0.1,°C,Stable,38:32.8
404,1,°C,38:32.8,00:36.3,39:07.9,1.9,°C,1.321180556,°C,38:33.2,0.9,°C,Stable,39:09.1
405,2,°C,39:09.1,00:36.4,39:41.2,2.9,°C,2.354006969,°C,39:11.4,1.8,°C,Stable,39:45.5
406,3,°C,39:45.5,00:36.1,40:09.7,3.9,°C,3.529616725,°C,39:45.5,3,°C,Stable,40:21.6
407,4,°C,40:21.6,00:30.3,40:51.7,4.9,°C,4.389583333,°C,40:21.6,4,°C,Stable,40:51.9
408,5,°C,40:51.9,00:37.8,41:18.6,5.9,°C,5.442,°C,40:54.2,4.9,°C,Stable,41:29.8
409,6,°C,41:29.8,00:28.8,41:55.9,6.9,°C,6.439035088,°C,41:29.8,6,°C,Stable,41:58.6
410,7,°C,41:58.6,00:34.7,42:29.3,7.9,°C,7.40615942,°C,41:58.9,6.9,°C,Stable,42:33.3
411,8,°C,42:33.3,00:27.4,43:00.3,8.9,°C,8.364976959,°C,42:33.3,8,°C,Stable,43:00.7
412,9,°C,43:00.7,00:37.7,43:33.3,9.9,°C,9.340939597,°C,43:01.8,8.9,°C,Stable,43:38.3
413,10,°C,43:38.3,00:28.1,44:05.8,10.9,°C,10.44279279,°C,43:38.3,10,°C,Stable,44:06.4
414,11,°C,44:06.4,00:40.4,44:39.0,11.9,°C,11.40625,°C,44:07.2,10.9,°C,Stable,44:46.8
415,12,°C,44:46.8,00:30.4,45:16.8,12.9,°C,12.39958333,°C,44:46.8,12,°C,Stable,45:17.2
416,13,°C,45:17.2,00:30.8,45:44.6,13.9,°C,13.32090164,°C,45:22.1,12.9,°C,Stable,45:48.0
417,14,°C,45:48.0,00:39.9,46:24.5,14.9,°C,14.23470032,°C,45:50.2,13.8,°C,Stable,46:27.9
418,15,°C,46:27.9,00:40.8,47:06.9,15.9,°C,15.35263158,°C,46:28.7,14.9,°C,Stable,47:08.8
419,16,°C,47:08.8,00:37.5,47:45.9,16.9,°C,16.42331081,°C,47:08.8,16,°C,Stable,47:46.2
420,17,°C,47:46.2,00:38.9,48:24.6,17.9,°C,17.38831169,°C,47:46.5,16.9,°C,Stable,48:25.1
421,18,°C,48:25.1,00:40.3,49:01.7,18.9,°C,18.4322884,°C,48:25.1,18,°C,Stable,49:05.5
422,19,°C,49:05.5,00:36.6,49:38.8,19.9,°C,19.4537931,°C,49:05.5,19,°C,Stable,49:42.1
423,20,°C,49:42.1,00:34.1,50:13.9,20.9,°C,20.43122677,°C,49:42.9,19.9,°C,Stable,50:16.2
424,21,°C,50:16.2,00:35.9,50:47.1,21.9,°C,21.43886926,°C,50:17.7,20.9,°C,Stable,50:52.0
425,22,°C,50:52.0,00:41.9,51:33.2,22.9,°C,22.39578313,°C,50:52.0,22,°C,Stable,51:33.9
426,23,°C,51:33.9,00:37.5,52:06.6,23.9,°C,23.43367003,°C,51:33.9,23,°C,Stable,52:11.4
427,24,°C,52:11.4,00:30.7,52:39.0,24.9,°C,24.47396694,°C,52:11.4,24,°C,Stable,52:42.1
428,25,°C,52:42.1,00:37.3,53:14.6,25.9,°C,25.40745763,°C,52:48.1,24.8,°C,Stable,53:19.4
429,26,°C,53:19.4,00:33.8,53:50.9,27,°C,26.47340824,°C,53:19.4,26,°C,Stable,53:53.2
430,27.1,°C,53:53.2,00:36.7,54:26.5,28.1,°C,27.50103448,°C,53:54.6,26.9,°C,Stable,54:29.9
431,28.2,°C,54:29.9,00:41.4,55:10.6,29.3,°C,28.61128049,°C,54:34.9,28.1,°C,Stable,55:11.3
432,29.4,°C,55:11.3,00:46.1,55:54.3,30.5,°C,29.81260274,°C,55:15.0,29.1,°C,Stable,55:57.4
433,30.6,°C,55:57.4,00:51.9,56:39.6,31.8,°C,31.16326034,°C,55:57.7,30.5,°C,Stable,56:49.3
434,31.9,°C,56:49.3,00:35.2,57:23.0,33.1,°C,32.50395683,°C,56:49.7,31.8,°C,Stable,57:24.5
435,33.2,°C,57:24.5,00:45.6,58:05.3,34.5,°C,33.69475138,°C,57:31.7,33.1,°C,Stable,58:10.1
436,34.6,°C,58:10.1,00:40.8,58:49.0,35.9,°C,35.11358025,°C,58:16.6,34.4,°C,Stable,58:50.9
437,36,°C,58:50.9,00:43.4,59:29.5,37.4,°C,36.68134111,°C,58:57.6,35.9,°C,Stable,59:34.3
438,37.5,°C,59:34.3,00:49.1,00:12.4,38.9,°C,38.22030848,°C,59:35.1,37.4,°C,Stable,00:23.4
439,39,°C,00:23.4,00:51.0,01:14.2,40.5,°C,39.8029703,°C,00:23.4,39,°C,Stable,01:14.4
440,40.6,°C,01:14.4,00:49.9,02:03.5,42.2,°C,41.3564557,°C,01:14.4,40.6,°C,Stable,02:04.3
441,42.3,°C,02:04.3,01:13.5,03:16.0,43.9,°C,43.02783505,°C,02:06.6,42.1,°C,Stable,03:17.8
442,44,°C,03:17.8,00:46.0,03:58.7,45.7,°C,44.79807692,°C,03:20.1,43.8,°C,Stable,04:03.9
443,45.8,°C,04:03.9,01:11.6,05:12.8,47.6,°C,46.66489362,°C,04:04.4,45.7,°C,Stable,05:15.4
444,47.8,°C,05:15.4,00:58.0,06:12.9,49.7,°C,48.63369565,°C,05:21.0,47.6,°C,Stable,06:13.4
445,49.8,°C,06:13.4,01:02.3,07:12.9,51.7,°C,50.66315789,°C,06:14.8,49.7,°C,Stable,07:15.8
446,51.8,°C,07:15.8,00:56.1,08:05.6,53.8,°C,52.87110609,°C,07:16.6,51.7,°C,Stable,08:11.8
447,53.9,°C,08:11.8,00:58.9,09:06.9,56,°C,55.00256959,°C,08:14.1,53.8,°C,Stable,09:10.7
448,56.2,°C,09:10.7,00:58.3,10:06.3,58.4,°C,57.22294372,°C,09:12.5,56,°C,Stable,10:09.0
449,58.5,°C,10:09.0,01:11.8,11:17.0,60.8,°C,59.49384886,°C,10:10.5,58.3,°C,Stable,11:20.9
450,60.9,°C,11:20.9,01:09.1,12:29.6,63.3,°C,61.97069597,°C,11:20.9,60.9,°C,Stable,12:30.0
451,63.4,°C,12:30.0,01:26.4,13:53.0,65.9,°C,64.63508772,°C,12:30.4,63.3,°C,Stable,13:56.4
452,66,°C,13:56.4,01:14.5,15:08.6,68.6,°C,67.31273345,°C,13:58.3,65.9,°C,Stable,15:10.8
453,68.7,°C,15:10.8,01:22.0,16:31.2,71.4,°C,69.91587057,°C,15:11.1,68.6,°C,Stable,16:32.8
454,71.5,°C,16:32.8,01:30.4,17:58.3,74.3,°C,72.74832402,°C,16:35.0,71.3,°C,Stable,18:03.2
455,74.4,°C,18:03.2,01:32.4,19:32.9,77.3,°C,75.71855389,°C,18:10.6,74.3,°C,Stable,19:35.6
456,77.4,°C,19:35.6,01:42.8,21:08.4,80.4,°C,78.90258303,°C,19:35.6,77.4,°C,Stable,21:18.4
457,80.5,°C,21:18.4,01:44.4,22:56.8,83.7,°C,82.21281741,°C,21:18.4,80.5,°C,Stable,23:02.8
458,83.8,°C,23:02.8,01:35.8,24:37.1,87.1,°C,85.46798419,°C,23:03.5,83.6,°C,Stable,24:38.6
459,87.2,°C,24:38.6,01:45.9,26:21.5,90.6,°C,88.83313468,°C,24:45.5,87.1,°C,Stable,26:24.5
460,90.8,°C,26:24.5,02:03.1,28:25.3,94.4,°C,92.51825641,°C,26:29.3,90.6,°C,Stable,28:27.6
461,94.5,°C,28:27.6,07:59.2,35:55.7,98.2,°C,96.76032165,°C,28:27.6,94.5,°C,Stable,36:26.8
462,98.3,°C,36:26.8,11:00.1,43:15.6,100.1,°C,98.51042264,°C,47:18.8,94.4,°C,Stable,47:27.0
463,94.3,°C,47:27.0,02:31.6,47:27.0,94.3,°C,92.50625521,°C,49:57.8,90.6,°C,Stable,49:58.5
464,90.5,°C,49:58.5,02:31.8,49:58.5,90.5,°C,88.82273106,°C,52:30.1,86.9,°C,Stable,52:30.3
465,86.8,°C,52:30.3,02:13.6,52:33.7,86.9,°C,85.1422895,°C,54:35.0,83.4,°C,Stable,54:43.9
466,83.3,°C,54:43.9,02:12.9,54:43.9,83.3,°C,81.63339676,°C,56:55.7,80,°C,Stable,56:56.8
467,79.9,°C,56:56.8,01:49.6,56:56.8,79.9,°C,78.2384083,°C,58:20.2,76.9,°C,Stable,58:46.3
468,76.7,°C,58:46.3,01:19.6,58:51.3,76.9,°C,75.64705882,°C,00:05.7,74,°C,Stable,00:05.9
469,72.9,°C,00:05.9,00:01.1,00:05.9,72.9,°C,71.92222222,°C,00:06.8,70.6,°C,Unstable,00:07.1
470,69.9,°C,00:07.1,00:02.7,00:07.1,69.9,°C,68.63809524,°C,00:09.4,67.5,°C,Stable,00:09.8
471,67.1,°C,00:09.8,00:02.9,00:09.8,67.1,°C,63.07826087,°C,00:12.4,58,°C,Unstable,00:12.7
472,57.2,°C,00:12.7,00:01.7,00:12.7,57.2,°C,56.04615385,°C,00:13.8,55,°C,Stable,00:14.4
473,54.2,°C,00:14.4,00:02.6,00:14.4,54.2,°C,50.97,°C,00:16.6,47.1,°C,Unstable,00:16.9
474,46.8,°C,00:16.9,00:03.7,00:16.9,46.8,°C,45.91034483,°C,00:20.2,45.1,°C,Stable,00:20.6
475,44.9,°C,00:20.6,00:01.2,00:20.6,44.9,°C,44.56666667,°C,00:21.7,44.1,°C,Stable,00:21.8
476,44.1,°C,00:21.8,00:00.0,,,,,,,,,Logging Stopped,00:21.8
,,,,,,,,,,,,,,
,,°C,,Average °C,,,,,,,,,,
1,Sample,101.5,43:21.2,100.9103309,,,,,,,,,,
1,Max,101.9,47:55.0,,,,,,,,,,,
1,Min,97.5,52:03.0,,,,,,,,,,,
2,Sample,97.4,52:11.3,95.6011254,,,,,,,,,,
2,Max,97.4,52:11.3,,,,,,,,,,,
2,Min,93.6,54:43.5,,,,,,,,,,,
3,Sample,93.5,54:48.4,91.81762162,,,,,,,,,,
3,Max,93.5,54:48.4,,,,,,,,,,,
3,Min,89.9,56:44.3,,,,,,,,,,,
4,Sample,89.7,56:45.2,87.91994536,,,,,,,,,,
4,Max,90.2,56:52.3,,,,,,,,,,,
4,Min,86.2,58:55.0,,,,,,,,,,,
5,Sample,86.1,59:03.9,84.56396714,,,,,,,,,,
5,Max,86.1,59:03.9,,,,,,,,,,,
5,Min,82.7,00:50.5,,,,,,,,,,,
6,Sample,82.6,00:51.4,81.21644359,,,,,,,,,,
6,Max,83.2,00:55.0,,,,,,,,,,,
6,Min,79.3,03:02.9,,,,,,,,,,,
7,Sample,79,03:03.3,77.4408949,,,,,,,,,,
7,Max,79,03:03.3,,,,,,,,,,,
7,Min,75.9,04:32.4,,,,,,,,,,,
8,Sample,75.8,05:04.9,74.62638484,,,,,,,,,,
8,Max,76,05:08.6,,,,,,,,,,,
8,Min,72.8,06:31.4,,,,,,,,,,,
9,Sample,72.7,06:31.6,71.77093301,,,,,,,,,,
9,Max,73.4,06:36.6,,,,,,,,,,,
9,Min,69.8,08:16.8,,,,,,,,,,,
10,Sample,69.7,08:17.2,68.54235537,,,,,,,,,,
10,Max,69.7,08:17.2,,,,,,,,,,,
10,Min,67,09:17.7,,,,,,,,,,,
11,Sample,66.9,09:18.2,65.82547771,,,,,,,,,,
11,Max,67.5,09:22.3,,,,,,,,,,,
11,Min,64.3,10:35.6,,,,,,,,,,,
12,Sample,64.2,10:37.3,63.47785059,,,,,,,,,,
12,Max,64.8,10:41.2,,,,,,,,,,,
12,Min,61.8,12:13.2,,,,,,,,,,,
13,Sample,61.6,12:13.6,60.92068345,,,,,,,,,,
13,Max,62.7,12:20.0,,,,,,,,,,,
13,Min,59.4,13:15.2,,,,,,,,,,,
14,Sample,59.1,13:23.9,58.3957037,,,,,,,,,,
14,Max,60.3,13:28.8,,,,,,,,,,,
14,Min,56.8,14:28.9,,,,,,,,,,,
15,Sample,56.7,14:49.2,56.08375912,,,,,,,,,,
15,Max,57.4,15:02.7,,,,,,,,,,,
15,Min,54.5,15:58.0,,,,,,,,,,,
16,Sample,54.4,15:58.3,54.136953,,,,,,,,,,
16,Max,55.8,16:04.7,,,,,,,,,,,
16,Min,52.3,17:15.7,,,,,,,,,,,
17,Sample,52.2,17:16.2,51.55729927,,,,,,,,,,
17,Max,53,17:30.3,,,,,,,,,,,
17,Min,50.2,18:25.0,,,,,,,,,,,
18,Sample,50.1,18:25.3,49.48008214,,,,,,,,,,
18,Max,51.1,18:29.8,,,,,,,,,,,
18,Min,48.1,19:19.2,,,,,,,,,,,
19,Sample,48,19:26.8,47.44425428,,,,,,,,,,
19,Max,48.4,19:52.2,,,,,,,,,,,
19,Min,46.1,20:18.0,,,,,,,,,,,
20,Sample,46,20:18.4,46.04555556,,,,,,,,,,
20,Max,47,20:49.7,,,,,,,,,,,
20,Min,44.4,21:03.6,,,,,,,,,,,
21,Sample,44,21:04.0,44.13426488,,,,,,,,,,
21,Max,45.7,21:19.7,,,,,,,,,,,
21,Min,42.3,22:39.4,,,,,,,,,,,
22,Sample,42.2,22:47.9,41.77378049,,,,,,,,,,
22,Max,42.7,22:53.2,,,,,,,,,,,
22,Min,40.7,23:08.1,,,,,,,,,,,
23,Sample,40.4,23:08.6,40.54554264,,,,,,,,,,
23,Max,41.9,23:25.0,,,,,,,,,,,
23,Min,38.9,23:42.3,,,,,,,,,,,
24,Sample,38.7,24:13.7,39.39622642,,,,,,,,,,
24,Min,38.6,24:14.0,,,,,,,,,,,
24,Max,40.2,24:20.0,,,,,,,,,,,
25,Sample,40.3,24:20.4,39.58,,,,,,,,,,
25,Max,40.3,24:20.4,,,,,,,,,,,
25,Min,38.7,24:23.8,,,,,,,,,,,
26,Sample,38.6,24:24.1,38.529683,,,,,,,,,,
26,Max,40,24:29.4,,,,,,,,,,,
26,Min,37.1,25:07.6,,,,,,,,,,,
27,Sample,36.8,25:08.0,37.45121951,,,,,,,,,,
27,Min,36.8,25:08.0,,,,,,,,,,,
27,Max,38.2,25:12.8,,,,,,,,,,,
28,Sample,38.3,25:13.1,37.99901961,,,,,,,,,,
28,Max,38.6,25:16.6,,,,,,,,,,,
28,Min,36.9,25:25.9,,,,,,,,,,,
29,Sample,36.7,25:26.1,36.90536585,,,,,,,,,,
29,Max,38,25:33.3,,,,,,,,,,,
29,Min,35.3,25:51.7,,,,,,,,,,,
30,Sample,35.1,25:52.0,35.5,,,,,,,,,,
30,Min,35,25:52.5,,,,,,,,,,,
30,Max,36.4,25:56.5,,,,,,,,,,,
31,Sample,36.6,25:56.9,36.00869565,,,,,,,,,,
31,Max,36.6,25:56.9,,,,,,,,,,,
31,Min,35.2,25:59.6,,,,,,,,,,,
32,Sample,35,25:59.8,34.99143646,,,,,,,,,,
32,Max,36.1,26:14.4,,,,,,,,,,,
32,Min,33.7,26:45.2,,,,,,,,,,,
33,Sample,33.5,26:45.6,33.41233244,,,,,,,,,,
33,Max,34.3,27:05.8,,,,,,,,,,,
33,Min,32.3,27:32.3,,,,,,,,,,,
34,Sample,32.1,27:32.7,32.58,,,,,,,,,,
34,Min,32.1,27:32.7,,,,,,,,,,,
34,Max,33.2,27:36.1,,,,,,,,,,,
35,Sample,33.4,27:36.4,33.41630435,,,,,,,,,,
35,Max,33.9,27:42.1,,,,,,,,,,,
35,Min,32.1,27:47.6,,,,,,,,,,,
36,Sample,32,27:48.1,31.93064516,,,,,,,,,,
36,Max,32.7,27:52.2,,,,,,,,,,,
36,Min,30.8,27:55.5,,,,,,,,,,,
37,Sample,30.7,27:56.0,31.12758621,,,,,,,,,,
37,Min,30.7,27:56.0,,,,,,,,,,,
37,Max,31.9,27:59.4,,,,,,,,,,,
38,Sample,32,27:59.6,32.06808511,,,,,,,,,,
38,Max,32.7,28:01.1,,,,,,,,,,,
38,Min,30.9,28:05.3,,,,,,,,,,,
39,Sample,30.7,28:05.5,30.688,,,,,,,,,,
39,Max,31.9,28:26.3,,,,,,,,,,,
39,Min,29.5,28:55.8,,,,,,,,,,,
40,Sample,29.2,28:56.0,29.23943089,,,,,,,,,,
40,Min,28.3,29:05.8,,,,,,,,,,,
40,Max,30.3,29:10.3,,,,,,,,,,,
41,Sample,28,29:27.1,28.22285714,,,,,,,,,,
41,Min,27.8,29:27.5,,,,,,,,,,,
41,Max,29,29:31.3,,,,,,,,,,,
42,Sample,29.2,29:31.6,28.88235294,,,,,,,,,,
42,Max,29.4,29:32.5,,,,,,,,,,,
42,Min,28.1,29:35.3,,,,,,,,,,,
43,Sample,27.9,29:35.8,28.00909091,,,,,,,,,,
43,Min,27.3,29:36.9,,,,,,,,,,,
43,Max,29,29:41.0,,,,,,,,,,,
44,Sample,29.1,29:41.4,28.9025,,,,,,,,,,
44,Max,29.3,29:44.3,,,,,,,,,,,
44,Min,28.2,29:50.4,,,,,,,,,,,
45,Sample,27.9,29:51.5,27.74354839,,,,,,,,,,
45,Min,26.8,29:53.2,,,,,,,,,,,
45,Max,28.9,29:58.9,,,,,,,,,,,
46,Sample,29.1,29:59.4,28.615,,,,,,,,,,
46,Max,29.1,29:59.4,,,,,,,,,,,
46,Min,28.1,30:01.6,,,,,,,,,,,
47,Sample,27.8,30:01.9,27.82245989,,,,,,,,,,
47,Max,28.6,30:07.2,,,,,,,,,,,
47,Min,26.8,30:25.1,,,,,,,,,,,
48,Sample,26.6,30:25.5,26.96551724,,,,,,,,,,
48,Min,26.6,30:25.5,,,,,,,,,,,
48,Max,27.6,30:28.9,,,,,,,,,,,
49,Sample,27.8,30:29.2,27.60909091,,,,,,,,,,
49,Max,27.9,30:29.7,,,,,,,,,,,
49,Min,26.9,30:31.4,,,,,,,,,,,
50,Sample,26.6,30:31.9,26.76136364,,,,,,,,,,
50,Min,26,30:32.6,,,,,,,,,,,
50,Max,27.6,30:37.0,,,,,,,,,,,
51,Sample,27.7,30:37.5,27.2015873,,,,,,,,,,
51,Max,28,30:38.2,,,,,,,,,,,
51,Min,26.6,30:52.2,,,,,,,,,,,
52,Sample,26.5,30:53.6,26.03793103,,,,,,,,,,
52,Max,26.5,30:53.6,,,,,,,,,,,
52,Min,25.5,30:57.0,,,,,,,,,,,
53,Sample,25.4,30:57.2,25.7025,,,,,,,,,,
53,Min,25.1,30:58.1,,,,,,,,,,,
53,Max,26.4,31:01.8,,,,,,,,,,,
54,Sample,26.6,31:02.3,26.30344828,,,,,,,,,,
54,Max,26.9,31:02.9,,,,,,,,,,,
54,Min,25.6,31:05.7,,,,,,,,,,,
55,Sample,25.3,31:05.9,25.38333333,,,,,,,,,,
55,Min,24.6,31:07.0,,,,,,,,,,,
55,Max,26.3,31:10.4,,,,,,,,,,,
56,Sample,26.6,31:11.2,26.38333333,,,,,,,,,,
56,Max,27,31:12.3,,,,,,,,,,,
56,Min,25.7,31:15.2,,,,,,,,,,,
57,Sample,25.5,31:15.7,25.45463918,,,,,,,,,,
57,Max,26.3,31:25.8,,,,,,,,,,,
57,Min,24.5,31:27.6,,,,,,,,,,,
58,Sample,24.4,31:28.0,24.46034483,,,,,,,,,,
58,Min,23.6,31:29.2,,,,,,,,,,,
58,Max,25.2,31:42.1,,,,,,,,,,,
59,Sample,25.5,31:42.6,25.10625,,,,,,,,,,
59,Max,25.7,31:43.3,,,,,,,,,,,
59,Min,24.6,31:50.5,,,,,,,,,,,
60,Sample,24.4,31:50.8,24.06666667,,,,,,,,,,
60,Max,24.4,31:50.8,,,,,,,,,,,
60,Min,23.5,31:52.7,,,,,,,,,,,
61,Sample,23.2,31:53.1,23.47037037,,,,,,,,,,
61,Min,23,31:53.4,,,,,,,,,,,
61,Max,24.1,31:56.1,,,,,,,,,,,
62,Sample,24.2,31:56.5,24.30285714,,,,,,,,,,
62,Max,24.8,31:57.9,,,,,,,,,,,
62,Min,23.3,32:00.6,,,,,,,,,,,
63,Sample,23,32:00.9,23.31428571,,,,,,,,,,
63,Min,23,32:00.9,,,,,,,,,,,
63,Max,23.8,32:03.1,,,,,,,,,,,
64,Sample,24,32:03.5,24.37647059,,,,,,,,,,
64,Min,24,32:03.5,,,,,,,,,,,
64,Max,24.8,32:05.4,,,,,,,,,,,
65,Sample,25,32:05.7,24.68157895,,,,,,,,,,
65,Min,24.1,32:13.3,,,,,,,,,,,
65,Max,25.3,32:16.7,,,,,,,,,,,
66,Sample,24,32:20.1,23.73658537,,,,,,,,,,
66,Max,24.3,32:21.1,,,,,,,,,,,
66,Min,23.1,32:24.9,,,,,,,,,,,
67,Sample,22.7,32:25.2,22.77560976,,,,,,,,,,
67,Min,22.4,32:25.6,,,,,,,,,,,
67,Max,23.5,32:30.0,,,,,,,,,,,
68,Sample,23.7,32:30.4,23.45555556,,,,,,,,,,
68,Max,23.7,32:30.4,,,,,,,,,,,
68,Min,23.1,32:31.2,,,,,,,,,,,
69,Sample,22.7,32:31.5,22.59824561,,,,,,,,,,
69,Min,21.8,32:33.8,,,,,,,,,,,
69,Max,23.6,32:37.6,,,,,,,,,,,
70,Sample,23.7,32:38.8,23.4384058,,,,,,,,,,
70,Min,22.9,32:44.7,,,,,,,,,,,
70,Max,24.1,32:47.7,,,,,,,,,,,
71,Sample,22.6,32:56.2,22.65833333,,,,,,,,,,
71,Min,22.2,32:57.1,,,,,,,,,,,
71,Max,23.4,33:00.4,,,,,,,,,,,
72,Sample,23.6,33:00.7,23.51666667,,,,,,,,,,
72,Max,23.9,33:01.1,,,,,,,,,,,
72,Min,22.8,33:02.6,,,,,,,,,,,
73,Sample,22.5,33:03.0,22.2,,,,,,,,,,
73,Max,22.5,33:03.0,,,,,,,,,,,
73,Min,21.8,33:04.1,,,,,,,,,,,
74,Sample,21.4,33:04.5,21.70857143,,,,,,,,,,
74,Min,21.3,33:04.9,,,,,,,,,,,
74,Max,22.3,33:08.6,,,,,,,,,,,
75,Sample,22.5,33:09.0,22.39662162,,,,,,,,,,
75,Max,23.3,33:19.2,,,,,,,,,,,
75,Min,21.6,33:27.0,,,,,,,,,,,
76,Sample,21.5,33:27.6,21.45588235,,,,,,,,,,
76,Max,22.4,33:33.7,,,,,,,,,,,
76,Min,20.8,33:36.0,,,,,,,,,,,
77,Sample,20.5,33:36.3,20.70689655,,,,,,,,,,
77,Min,20.3,33:37.1,,,,,,,,,,,
77,Max,21.3,33:39.7,,,,,,,,,,,
78,Sample,21.5,33:39.9,21.57291667,,,,,,,,,,
78,Max,22.2,33:41.6,,,,,,,,,,,
78,Min,20.7,33:45.7,,,,,,,,,,,
79,Sample,20.5,33:46.0,20.66153846,,,,,,,,,,
79,Min,20.2,33:47.6,,,,,,,,,,,
79,Max,21.4,33:50.6,,,,,,,,,,,
80,Sample,21.5,33:50.9,21.21875,,,,,,,,,,
80,Max,21.6,33:51.7,,,,,,,,,,,
80,Min,20.7,33:58.8,,,,,,,,,,,
81,Sample,20.5,33:59.0,20.5,,,,,,,,,,
81,Min,19.8,34:00.9,,,,,,,,,,,
81,Max,21.4,34:05.4,,,,,,,,,,,
82,Sample,21.6,34:05.8,21.48,,,,,,,,,,
82,Max,21.7,34:06.2,,,,,,,,,,,
82,Min,20.9,34:07.3,,,,,,,,,,,
83,Sample,20.5,34:07.7,20.2,,,,,,,,,,
83,Max,20.5,34:07.7,,,,,,,,,,,
83,Min,19.9,34:08.8,,,,,,,,,,,
84,Sample,19.5,34:09.2,19.54358974,,,,,,,,,,
84,Min,19,34:09.9,,,,,,,,,,,
84,Max,20.3,34:13.6,,,,,,,,,,,
85,Sample,20.6,34:14.1,20.28285714,,,,,,,,,,
85,Max,20.7,34:15.3,,,,,,,,,,,
85,Min,19.8,34:18.2,,,,,,,,,,,
86,Sample,19.5,34:18.6,19.55730337,,,,,,,,,,
86,Min,18.9,34:26.0,,,,,,,,,,,
86,Max,20.3,34:29.4,,,,,,,,,,,
87,Sample,20.6,34:29.8,20.38333333,,,,,,,,,,
87,Max,20.6,34:29.8,,,,,,,,,,,
87,Min,19.9,34:31.6,,,,,,,,,,,
88,Sample,19.5,34:32.1,19.45510204,,,,,,,,,,
88,Min,18.7,34:33.9,,,,,,,,,,,
88,Max,20.4,34:38.0,,,,,,,,,,,
89,Sample,20.5,34:38.3,20.15806452,,,,,,,,,,
89,Max,20.6,34:38.8,,,,,,,,,,,
89,Min,19.6,34:41.7,,,,,,,,,,,
90,Sample,19.4,34:42.2,19.18977273,,,,,,,,,,
90,Min,18.7,34:45.5,,,,,,,,,,,
90,Max,19.9,34:48.2,,,,,,,,,,,
91,Sample,18.4,34:53.3,18.75714286,,,,,,,,,,
91,Min,18.4,34:53.3,,,,,,,,,,,
91,Max,19.2,34:55.6,,,,,,,,,,,
92,Sample,19.4,34:56.0,19.275,,,,,,,,,,
92,Max,19.6,34:56.2,,,,,,,,,,,
92,Min,18.7,34:58.1,,,,,,,,,,,
93,Sample,18.4,34:58.5,18.34047619,,,,,,,,,,
93,Min,17.9,35:00.4,,,,,,,,,,,
93,Max,19.1,35:03.4,,,,,,,,,,,
94,Sample,19.4,35:03.8,18.94255319,,,,,,,,,,
94,Max,19.6,35:04.6,,,,,,,,,,,
94,Min,18.5,35:07.9,,,,,,,,,,,
95,Sample,18.4,35:09.8,18.16046512,,,,,,,,,,
95,Min,17.5,35:13.9,,,,,,,,,,,
95,Max,19.3,35:17.6,,,,,,,,,,,
96,Sample,17.3,35:20.6,17.53636364,,,,,,,,,,
96,Min,17.2,35:21.0,,,,,,,,,,,
96,Max,18,35:24.0,,,,,,,,,,,
97,Sample,18.4,35:24.7,17.94222222,,,,,,,,,,
97,Max,18.5,35:25.1,,,,,,,,,,,
97,Min,17.5,35:27.4,,,,,,,,,,,
98,Sample,17.4,35:30.4,17.45913043,,,,,,,,,,
98,Max,18,35:37.1,,,,,,,,,,,
98,Min,16.5,35:44.5,,,,,,,,,,,
99,Sample,16.3,35:44.9,16.65217391,,,,,,,,,,
99,Min,16.3,35:44.9,,,,,,,,,,,
99,Max,17,35:47.5,,,,,,,,,,,
100,Sample,17.3,35:47.8,17.0225,,,,,,,,,,
100,Max,17.6,35:48.7,,,,,,,,,,,
100,Min,16.5,35:52.3,,,,,,,,,,,
101,Sample,16.3,35:52.8,16.74347826,,,,,,,,,,
101,Min,16.3,35:52.8,,,,,,,,,,,
101,Max,17.2,35:55.0,,,,,,,,,,,
102,Sample,17.3,35:55.7,17.27878788,,,,,,,,,,
102,Max,18.1,35:57.3,,,,,,,,,,,
102,Min,16.5,36:02.1,,,,,,,,,,,
103,Sample,16.2,36:04.0,16.56478873,,,,,,,,,,
103,Min,16.2,36:04.0,,,,,,,,,,,
103,Max,17.1,36:12.5,,,,,,,,,,,
104,Sample,17.3,36:13.0,17.15172414,,,,,,,,,,
104,Max,17.5,36:13.4,,,,,,,,,,,
104,Min,16.5,36:16.4,,,,,,,,,,,
105,Sample,16.2,36:16.7,16.08032787,,,,,,,,,,
105,Max,16.9,36:22.0,,,,,,,,,,,
105,Min,15.3,36:31.6,,,,,,,,,,,
106,Sample,14.8,36:32.1,14.84516129,,,,,,,,,,
106,Min,14.5,36:32.8,,,,,,,,,,,
106,Max,15.5,36:35.8,,,,,,,,,,,
107,Sample,15.8,36:36.1,15.48333333,,,,,,,,,,
107,Max,15.8,36:36.1,,,,,,,,,,,
107,Min,14.9,36:38.1,,,,,,,,,,,
108,Sample,14.7,36:38.3,14.74,,,,,,,,,,
108,Min,14.2,36:40.0,,,,,,,,,,,
108,Max,15.6,36:42.9,,,,,,,,,,,
109,Sample,15.8,36:43.4,15.39512195,,,,,,,,,,
109,Max,16.1,36:44.0,,,,,,,,,,,
109,Min,14.9,36:53.5,,,,,,,,,,,
110,Sample,14.8,36:53.7,14.97678571,,,,,,,,,,
110,Max,15.7,36:57.9,,,,,,,,,,,
110,Min,14,37:00.4,,,,,,,,,,,
111,Sample,13.8,37:00.8,13.92692308,,,,,,,,,,
111,Min,13.4,37:01.3,,,,,,,,,,,
111,Max,14.5,37:03.9,,,,,,,,,,,
112,Sample,14.8,37:04.1,15.35384615,,,,,,,,,,
112,Min,14.8,37:04.1,,,,,,,,,,,
112,Max,15.7,37:06.9,,,,,,,,,,,
113,Sample,15.8,37:07.5,15.37272727,,,,,,,,,,
113,Max,15.8,37:07.5,,,,,,,,,,,
113,Min,14.9,37:11.0,,,,,,,,,,,
114,Sample,14.8,37:11.7,14.3516129,,,,,,,,,,
114,Max,14.8,37:11.7,,,,,,,,,,,
114,Min,14,37:15.1,,,,,,,,,,,
115,Sample,13.8,37:19.6,13.69285714,,,,,,,,,,
115,Min,13,37:21.0,,,,,,,,,,,
115,Max,14.5,37:24.3,,,,,,,,,,,
116,Sample,14.8,37:24.8,14.525,,,,,,,,,,
116,Max,15.1,37:25.5,,,,,,,,,,,
116,Min,13.9,37:31.5,,,,,,,,,,,
117,Sample,13.8,37:31.9,13.545,,,,,,,,,,
117,Max,14.3,37:34.2,,,,,,,,,,,
117,Min,13,37:41.7,,,,,,,,,,,
118,Sample,12.8,37:42.0,12.84848485,,,,,,,,,,
118,Min,12.4,37:42.8,,,,,,,,,,,
118,Max,13.6,37:45.7,,,,,,,,,,,
119,Sample,13.9,37:46.2,13.7,,,,,,,,,,
119,Max,14.2,37:46.8,,,,,,,,,,,
119,Min,13.1,37:49.6,,,,,,,,,,,
120,Sample,12.7,37:49.8,12.80588235,,,,,,,,,,
120,Min,12.3,37:50.7,,,,,,,,,,,
120,Max,13.6,37:53.6,,,,,,,,,,,
121,Sample,13.8,37:54.1,13.36551724,,,,,,,,,,
121,Max,13.8,37:54.1,,,,,,,,,,,
121,Min,12.9,37:57.0,,,,,,,,,,,
122,Sample,12.8,37:57.8,12.7512987,,,,,,,,,,
122,Max,13.3,38:13.8,,,,,,,,,,,
122,Min,12.1,38:16.8,,,,,,,,,,,
123,Sample,11.7,38:17.2,11.99583333,,,,,,,,,,
123,Min,11.6,38:17.6,,,,,,,,,,,
123,Max,12.6,38:19.8,,,,,,,,,,,
124,Sample,12.7,38:20.2,12.54915254,,,,,,,,,,
124,Max,13.5,38:22.1,,,,,,,,,,,
124,Min,11.8,38:27.2,,,,,,,,,,,
125,Sample,11.7,38:27.7,11.96521739,,,,,,,,,,
125,Min,11.6,38:28.1,,,,,,,,,,,
125,Max,12.5,38:30.2,,,,,,,,,,,
126,Sample,12.7,38:30.6,12.24242424,,,,,,,,,,
126,Max,12.7,38:30.6,,,,,,,,,,,
126,Min,11.9,38:34.4,,,,,,,,,,,
127,Sample,11.7,38:34.8,11.69875,,,,,,,,,,
127,Max,12.4,38:41.4,,,,,,,,,,,
127,Min,10.8,38:44.6,,,,,,,,,,,
128,Sample,10.7,38:44.8,11.03333333,,,,,,,,,,
128,Min,10.7,38:44.8,,,,,,,,,,,
128,Max,11.5,38:46.8,,,,,,,,,,,
129,Sample,11.7,38:47.1,11.45,,,,,,,,,,
129,Max,12.1,38:48.6,,,,,,,,,,,
129,Min,10.8,38:58.3,,,,,,,,,,,
130,Sample,10.4,39:02.5,10.29444444,,,,,,,,,,
130,Min,9.5,39:03.6,,,,,,,,,,,
130,Max,11.3,39:08.4,,,,,,,,,,,
131,Sample,9.4,39:23.0,9.838983051,,,,,,,,,,
131,Max,10.3,39:26.0,,,,,,,,,,,
131,Min,9.3,39:35.0,,,,,,,,,,,
132,Sample,10.4,39:37.9,9.976923077,,,,,,,,,,
132,Max,10.4,39:37.9,,,,,,,,,,,
132,Min,9.5,39:39.0,,,,,,,,,,,
133,Sample,9.1,39:39.5,8.8375,,,,,,,,,,
133,Max,9.1,39:39.5,,,,,,,,,,,
133,Min,8.6,39:40.2,,,,,,,,,,,
134,Sample,8,39:40.6,8.325,,,,,,,,,,
134,Min,7.9,39:41.0,,,,,,,,,,,
134,Max,8.9,39:42.9,,,,,,,,,,,
135,Sample,9.1,39:43.1,9.533333333,,,,,,,,,,
135,Min,9.1,39:43.1,,,,,,,,,,,
135,Max,10,39:45.1,,,,,,,,,,,
136,Sample,10.2,39:45.4,9.930555556,,,,,,,,,,
136,Max,10.4,39:46.2,,,,,,,,,,,
136,Min,9.3,39:49.6,,,,,,,,,,,
137,Sample,9,39:50.0,8.887804878,,,,,,,,,,
137,Min,8.3,39:51.4,,,,,,,,,,,
137,Max,9.8,39:54.8,,,,,,,,,,,
138,Sample,10,39:55.2,9.59516129,,,,,,,,,,
138,Max,10.1,39:55.6,,,,,,,,,,,
138,Min,9.2,40:02.7,,,,,,,,,,,
139,Sample,8.9,40:03.0,8.685714286,,,,,,,,,,
139,Max,8.9,40:03.0,,,,,,,,,,,
139,Min,8.2,40:04.6,,,,,,,,,,,
140,Sample,7.8,40:04.8,7.702222222,,,,,,,,,,
140,Min,7,40:06.5,,,,,,,,,,,
140,Max,8.7,40:10.1,,,,,,,,,,,
141,Sample,8.9,40:10.5,8.98,,,,,,,,,,
141,Max,9.4,40:11.5,,,,,,,,,,,
141,Min,8.1,40:13.8,,,,,,,,,,,
142,Sample,7.9,40:14.3,7.472727273,,,,,,,,,,
142,Max,7.9,40:14.3,,,,,,,,,,,
142,Min,7,40:15.5,,,,,,,,,,,
143,Sample,6.9,40:15.7,7.2,,,,,,,,,,
143,Min,6.9,40:15.7,,,,,,,,,,,
143,Max,7.6,40:17.2,,,,,,,,,,,
144,Sample,7.9,40:17.6,8.321428571,,,,,,,,,,
144,Min,7.9,40:17.6,,,,,,,,,,,
144,Max,8.8,40:19.2,,,,,,,,,,,
145,Sample,9,40:19.4,8.375362319,,,,,,,,,,
145,Max,9,40:19.4,,,,,,,,,,,
145,Min,8.1,40:26.2,,,,,,,,,,,
146,Sample,8,40:28.1,7.525,,,,,,,,,,
146,Max,8,40:28.1,,,,,,,,,,,
146,Min,7.1,40:30.4,,,,,,,,,,,
147,Sample,6.9,40:30.7,6.888888889,,,,,,,,,,
147,Min,6.2,40:31.4,,,,,,,,,,,
147,Max,7.8,40:34.8,,,,,,,,,,,
148,Sample,7.9,40:35.2,7.842857143,,,,,,,,,,
148,Max,8.1,40:35.6,,,,,,,,,,,
148,Min,7.4,40:37.5,,,,,,,,,,,
149,Sample,6.9,40:37.9,6.471428571,,,,,,,,,,
149,Max,6.9,40:37.9,,,,,,,,,,,
149,Min,6,40:39.4,,,,,,,,,,,
150,Sample,5.9,40:39.6,6.244444444,,,,,,,,,,
150,Min,5.9,40:39.6,,,,,,,,,,,
150,Max,6.8,40:41.5,,,,,,,,,,,
151,Sample,7,40:41.9,7.426666667,,,,,,,,,,
151,Min,7,40:41.9,,,,,,,,,,,
151,Max,7.9,40:43.5,,,,,,,,,,,
152,Sample,8,40:43.8,7.60952381,,,,,,,,,,
152,Max,8,40:43.8,,,,,,,,,,,
152,Min,7.1,40:46.0,,,,,,,,,,,
153,Sample,7,40:46.4,6.922535211,,,,,,,,,,
153,Max,7.1,40:48.3,,,,,,,,,,,
153,Min,6.1,40:55.0,,,,,,,,,,,
154,Sample,6,40:55.4,6.183333333,,,,,,,,,,
154,Min,5.7,40:56.5,,,,,,,,,,,
154,Max,6.9,40:58.8,,,,,,,,,,,
155,Sample,7.2,40:59.2,7.1125,,,,,,,,,,
155,Max,7.6,41:00.3,,,,,,,,,,,
155,Min,6.3,41:02.9,,,,,,,,,,,
156,Sample,6,41:03.2,5.872222222,,,,,,,,,,
156,Min,5.3,41:04.3,,,,,,,,,,,
156,Max,6.8,41:07.4,,,,,,,,,,,
157,Sample,7,41:07.8,6.756666667,,,,,,,,,,
157,Max,7.3,41:08.5,,,,,,,,,,,
157,Min,6.1,41:11.0,,,,,,,,,,,
158,Sample,5.9,41:11.5,5.794444444,,,,,,,,,,
158,Max,6.2,41:13.0,,,,,,,,,,,
158,Min,5.1,41:20.1,,,,,,,,,,,
159,Sample,4.6,41:20.6,4.855,,,,,,,,,,
159,Min,4.4,41:20.9,,,,,,,,,,,
159,Max,5.5,41:22.8,,,,,,,,,,,
160,Sample,5.7,41:23.1,5.852173913,,,,,,,,,,
160,Max,6.6,41:25.0,,,,,,,,,,,
160,Min,4.9,41:28.4,,,,,,,,,,,
161,Sample,4.6,41:29.0,4.874074074,,,,,,,,,,
161,Min,4.6,41:29.0,,,,,,,,,,,
161,Max,5.5,41:32.1,,,,,,,,,,,
162,Sample,5.6,41:32.4,5.682608696,,,,,,,,,,
162,Max,6.2,41:34.0,,,,,,,,,,,
162,Min,4.8,41:43.3,,,,,,,,,,,
163,Sample,4.6,41:44.1,4.1,,,,,,,,,,
163,Max,4.6,41:44.1,,,,,,,,,,,
163,Min,3.7,41:45.9,,,,,,,,,,,
164,Sample,3.5,41:46.4,3.815,,,,,,,,,,
164,Min,3.4,41:46.6,,,,,,,,,,,
164,Max,4.3,41:48.5,,,,,,,,,,,
165,Sample,4.5,41:48.9,4.926666667,,,,,,,,,,
165,Min,4.5,41:48.9,,,,,,,,,,,
165,Max,5.4,41:50.3,,,,,,,,,,,
166,Sample,5.6,41:50.8,5.111111111,,,,,,,,,,
166,Max,5.6,41:50.8,,,,,,,,,,,
166,Min,4.8,41:51.5,,,,,,,,,,,
167,Sample,4.5,41:52.0,4.029411765,,,,,,,,,,
167,Max,4.5,41:52.0,,,,,,,,,,,
167,Min,3.7,41:53.7,,,,,,,,,,,
168,Sample,3.3,41:54.1,3.657142857,,,,,,,,,,
168,Min,3.2,41:54.5,,,,,,,,,,,
168,Max,4.3,41:56.4,,,,,,,,,,,
169,Sample,4.5,41:56.8,4.466346154,,,,,,,,,,
169,Max,5.2,41:57.9,,,,,,,,,,,
169,Min,3.8,42:09.5,,,,,,,,,,,
170,Sample,3.4,42:09.9,3.551851852,,,,,,,,,,
170,Min,3,42:10.5,,,,,,,,,,,
170,Max,4.2,42:12.8,,,,,,,,,,,
171,Sample,4.5,42:13.3,4.465217391,,,,,,,,,,
171,Max,4.9,42:14.4,,,,,,,,,,,
171,Min,3.6,42:15.8,,,,,,,,,,,
172,Sample,3.4,42:16.2,3.52,,,,,,,,,,
172,Min,3.1,42:17.3,,,,,,,,,,,
172,Max,4.3,42:20.4,,,,,,,,,,,
173,Sample,4.4,42:20.6,4.11372549,,,,,,,,,,
173,Max,4.9,42:21.8,,,,,,,,,,,
173,Min,3.5,42:26.3,,,,,,,,,,,
174,Sample,3.4,42:27.1,3.361290323,,,,,,,,,,
174,Max,3.6,42:30.1,,,,,,,,,,,
174,Min,2.5,42:34.5,,,,,,,,,,,
175,Sample,2.4,42:34.9,2.753333333,,,,,,,,,,
175,Min,2.4,42:34.9,,,,,,,,,,,
175,Max,3.1,42:36.3,,,,,,,,,,,
176,Sample,3.4,42:36.8,3.872222222,,,,,,,,,,
176,Min,3.4,42:36.8,,,,,,,,,,,
176,Max,4.3,42:38.6,,,,,,,,,,,
177,Sample,4.5,42:39.1,3.375,,,,,,,,,,
177,Max,4.5,42:39.1,,,,,,,,,,,
177,Min,2.5,42:41.3,,,,,,,,,,,
178,Sample,2.2,42:41.6,2.386206897,,,,,,,,,,
178,Min,1.9,42:42.4,,,,,,,,,,,
178,Max,3.1,42:45.0,,,,,,,,,,,
179,Sample,3.3,42:45.3,3.006542056,,,,,,,,,,
179,Max,4.2,42:46.9,,,,,,,,,,,
179,Min,2.4,42:52.5,,,,,,,,,,,
180,Sample,2.3,42:58.8,2.247727273,,,,,,,,,,
180,Min,1.6,43:01.1,,,,,,,,,,,
180,Max,3.1,43:04.1,,,,,,,,,,,
181,Sample,3.3,43:04.4,3.133333333,,,,,,,,,,
181,Max,3.6,43:04.9,,,,,,,,,,,
181,Min,2.5,43:07.4,,,,,,,,,,,
182,Sample,2.3,43:07.8,2.143181818,,,,,,,,,,
182,Min,1.5,43:09.3,,,,,,,,,,,
182,Max,3.2,43:13.1,,,,,,,,,,,
183,Sample,3.3,43:13.3,2.722727273,,,,,,,,,,
183,Max,3.3,43:13.3,,,,,,,,,,,
183,Min,2.4,43:15.3,,,,,,,,,,,
184,Sample,2.2,43:16.1,1.85,,,,,,,,,,
184,Max,2.2,43:16.1,,,,,,,,,,,
184,Min,1.3,43:22.8,,,,,,,,,,,
185,Sample,1.1,43:23.2,0.688235294,,,,,,,,,,
185,Max,1.1,43:23.2,,,,,,,,,,,
185,Min,0.2,43:25.0,,,,,,,,,,,
186,Sample,0,43:25.4,0.020833333,,,,,,,,,,
186,Min,-0.4,43:26.1,,,,,,,,,,,
186,Max,0.6,43:27.9,,,,,,,,,,,
187,Sample,1,43:28.4,1.435714286,,,,,,,,,,
187,Min,1,43:28.4,,,,,,,,,,,
187,Max,1.9,43:29.8,,,,,,,,,,,
188,Sample,2,43:30.2,1.666666667,,,,,,,,,,
188,Max,2.1,43:30.7,,,,,,,,,,,
188,Min,1.1,43:32.1,,,,,,,,,,,
189,Sample,0.8,43:32.5,0.813333333,,,,,,,,,,
189,Min,0.4,43:35.5,,,,,,,,,,,
189,Max,1.6,43:37.7,,,,,,,,,,,
190,Sample,1.8,43:38.1,1.287142857,,,,,,,,,,
190,Max,1.9,43:38.5,,,,,,,,,,,
190,Min,0.9,43:46.4,,,,,,,,,,,
191,Sample,0.6,43:47.0,0.207692308,,,,,,,,,,
191,Max,0.6,43:47.0,,,,,,,,,,,
191,Min,-0.1,43:48.2,,,,,,,,,,,
192,Sample,-0.4,43:48.7,-0.180769231,,,,,,,,,,
192,Min,-0.7,43:49.3,,,,,,,,,,,
192,Max,0.5,43:51.5,,,,,,,,,,,
193,Sample,0.8,43:52.0,1.294117647,,,,,,,,,,
193,Min,0.8,43:52.0,,,,,,,,,,,
193,Max,1.7,43:53.8,,,,,,,,,,,
194,Sample,1.8,43:54.2,1.341666667,,,,,,,,,,
194,Max,1.8,43:54.2,,,,,,,,,,,
194,Min,0.9,43:55.4,,,,,,,,,,,
195,Sample,0.7,43:55.7,0.213333333,,,,,,,,,,
195,Max,0.7,43:55.7,,,,,,,,,,,
195,Min,-0.2,43:57.1,,,,,,,,,,,
196,Sample,-0.4,43:57.6,-0.231428571,,,,,,,,,,
196,Min,-0.6,43:59.0,,,,,,,,,,,
196,Max,0.4,44:01.6,,,,,,,,,,,
197,Sample,0.7,44:02.1,0.3775,,,,,,,,,,
197,Max,0.9,44:02.5,,,,,,,,,,,
197,Min,-0.2,44:11.7,,,,,,,,,,,
198,Sample,-0.4,44:12.2,-0.6,,,,,,,,,,
198,Min,-1.3,44:14.0,,,,,,,,,,,
198,Max,0.3,44:17.4,,,,,,,,,,,
199,Sample,0.6,44:17.8,0.442857143,,,,,,,,,,
199,Max,0.9,44:18.5,,,,,,,,,,,
199,Min,-0.2,44:20.1,,,,,,,,,,,
200,Sample,-0.4,44:20.4,-0.475,,,,,,,,,,
200,Min,-1,44:22.3,,,,,,,,,,,
200,Max,0.5,44:25.6,,,,,,,,,,,
201,Sample,0.6,44:26.0,0.305714286,,,,,,,,,,
201,Max,0.8,44:26.8,,,,,,,,,,,
201,Min,-0.3,44:30.2,,,,,,,,,,,
202,Sample,-0.5,44:30.4,-0.643076923,,,,,,,,,,
202,Max,-0.3,44:32.4,,,,,,,,,,,
202,Min,-1.3,44:37.5,,,,,,,,,,,
203,Sample,-1.5,44:38.7,-1.133333333,,,,,,,,,,
203,Min,-1.5,44:38.7,,,,,,,,,,,
203,Max,-0.6,44:40.9,,,,,,,,,,,
204,Sample,-0.4,44:41.3,-0.674390244,,,,,,,,,,
204,Max,0.5,44:43.1,,,,,,,,,,,
204,Min,-1.3,44:48.5,,,,,,,,,,,
205,Sample,-1.4,45:01.9,-1.893333333,,,,,,,,,,
205,Max,-1.4,45:01.9,,,,,,,,,,,
205,Min,-2.3,45:03.3,,,,,,,,,,,
206,Sample,-2.6,45:03.8,-2.627777778,,,,,,,,,,
206,Min,-3.3,45:05.0,,,,,,,,,,,
206,Max,-1.7,45:07.9,,,,,,,,,,,
207,Sample,-1.4,45:08.4,-1.690909091,,,,,,,,,,
207,Max,-1.1,45:09.0,,,,,,,,,,,
207,Min,-2.3,45:13.5,,,,,,,,,,,
208,Sample,-2.6,45:14.0,-2.183333333,,,,,,,,,,
208,Min,-2.6,45:14.0,,,,,,,,,,,
208,Max,-1.7,45:15.7,,,,,,,,,,,
209,Sample,-1.6,45:16.2,-1.641463415,,,,,,,,,,
209,Max,-1,45:17.3,,,,,,,,,,,
209,Min,-2.3,45:26.3,,,,,,,,,,,
210,Sample,-2.6,45:26.7,-2.995,,,,,,,,,,
210,Max,-2.6,45:26.7,,,,,,,,,,,
210,Min,-3.3,45:28.9,,,,,,,,,,,
211,Sample,-3.6,45:29.2,-3.26875,,,,,,,,,,
211,Min,-3.6,45:29.2,,,,,,,,,,,
211,Max,-2.8,45:30.8,,,,,,,,,,,
212,Sample,-2.6,45:31.2,-2.16,,,,,,,,,,
212,Min,-2.6,45:31.2,,,,,,,,,,,
212,Max,-1.8,45:32.6,,,,,,,,,,,
213,Sample,-1.5,45:33.1,-1.761111111,,,,,,,,,,
213,Max,-1.4,45:33.3,,,,,,,,,,,
213,Min,-2.2,45:34.8,,,,,,,,,,,
214,Sample,-2.5,45:35.3,-2.992857143,,,,,,,,,,
214,Max,-2.5,45:35.3,,,,,,,,,,,
214,Min,-3.4,45:36.7,,,,,,,,,,,
215,Sample,-3.6,45:37.1,-3.463333333,,,,,,,,,,
215,Min,-3.9,45:38.2,,,,,,,,,,,
215,Max,-2.9,45:40.4,,,,,,,,,,,
216,Sample,-2.5,45:40.9,-2.647368421,,,,,,,,,,
216,Max,-2.1,45:41.6,,,,,,,,,,,
216,Min,-3.4,45:45.4,,,,,,,,,,,
217,Sample,-3.5,45:45.7,-3.625531915,,,,,,,,,,
217,Max,-3.3,45:48.8,,,,,,,,,,,
217,Min,-4.4,45:51.3,,,,,,,,,,,
218,Sample,-4.5,45:51.7,-4.811764706,,,,,,,,,,
218,Max,-4.5,45:51.7,,,,,,,,,,,
218,Min,-5.3,45:53.6,,,,,,,,,,,
219,Sample,-5.6,45:53.9,-5.255555556,,,,,,,,,,
219,Min,-5.6,45:53.9,,,,,,,,,,,
219,Max,-4.7,45:55.8,,,,,,,,,,,
220,Sample,-4.5,45:56.2,-4.06,,,,,,,,,,
220,Min,-4.5,45:56.2,,,,,,,,,,,
220,Max,-3.6,45:57.7,,,,,,,,,,,
221,Sample,-3.4,45:58.1,-3.875,,,,,,,,,,
221,Max,-3.4,45:58.1,,,,,,,,,,,
221,Min,-4.3,46:00.6,,,,,,,,,,,
222,Sample,-4.5,46:01.1,-4.351612903,,,,,,,,,,
222,Max,-3.6,46:06.7,,,,,,,,,,,
222,Min,-5.3,46:16.4,,,,,,,,,,,
223,Sample,-5.5,46:16.8,-5.635897436,,,,,,,,,,
223,Min,-6.2,46:19.0,,,,,,,,,,,
223,Max,-4.7,46:21.3,,,,,,,,,,,
224,Sample,-4.5,46:21.7,-4.028571429,,,,,,,,,,
224,Min,-4.5,46:21.7,,,,,,,,,,,
224,Max,-3.6,46:23.1,,,,,,,,,,,
225,Sample,-3.4,46:23.5,-3.666666667,,,,,,,,,,
225,Max,-3.4,46:23.5,,,,,,,,,,,
225,Min,-3.9,46:24.2,,,,,,,,,,,
226,Sample,-4.4,46:24.7,-4.908695652,,,,,,,,,,
226,Max,-4.4,46:24.7,,,,,,,,,,,
226,Min,-5.3,46:27.2,,,,,,,,,,,
227,Sample,-5.4,46:27.6,-5.085714286,,,,,,,,,,
227,Min,-5.4,46:27.6,,,,,,,,,,,
227,Max,-4.6,46:29.9,,,,,,,,,,,
228,Sample,-4.3,46:30.3,-4.392771084,,,,,,,,,,
228,Max,-3.7,46:31.8,,,,,,,,,,,
228,Min,-5.2,46:40.3,,,,,,,,,,,
229,Sample,-5.6,46:40.7,-6.045833333,,,,,,,,,,
229,Max,-5.6,46:40.7,,,,,,,,,,,
229,Min,-6.5,46:43.2,,,,,,,,,,,
230,Sample,-6.6,46:43.7,-6.183333333,,,,,,,,,,
230,Min,-6.6,46:43.7,,,,,,,,,,,
230,Max,-5.7,46:45.5,,,,,,,,,,,
231,Sample,-5.5,46:46.0,-5.4475,,,,,,,,,,
231,Max,-4.6,46:47.8,,,,,,,,,,,
231,Min,-6.4,46:50.8,,,,,,,,,,,
232,Sample,-6.5,46:51.1,-6.136363636,,,,,,,,,,
232,Min,-6.5,46:51.1,,,,,,,,,,,
232,Max,-5.7,46:53.4,,,,,,,,,,,
233,Sample,-5.5,46:53.9,-5.676315789,,,,,,,,,,
233,Max,-4.9,46:55.3,,,,,,,,,,,
233,Min,-6.4,47:02.8,,,,,,,,,,,
234,Sample,-6.6,47:03.5,-6.947619048,,,,,,,,,,
234,Max,-6.6,47:03.5,,,,,,,,,,,
234,Min,-7.5,47:05.8,,,,,,,,,,,
235,Sample,-7.7,47:06.2,-7.752777778,,,,,,,,,,
235,Min,-8.3,47:07.7,,,,,,,,,,,
235,Max,-6.9,47:10.2,,,,,,,,,,,
236,Sample,-6.6,47:10.7,-6.675,,,,,,,,,,
236,Max,-6,47:11.7,,,,,,,,,,,
236,Min,-7.5,47:14.3,,,,,,,,,,,
237,Sample,-7.7,47:14.7,-7.766666667,,,,,,,,,,
237,Min,-8.3,47:16.6,,,,,,,,,,,
237,Max,-6.8,47:18.8,,,,,,,,,,,
238,Sample,-6.6,47:19.2,-7.009638554,,,,,,,,,,
238,Max,-6.1,47:20.2,,,,,,,,,,,
238,Min,-7.5,47:28.2,,,,,,,,,,,
239,Sample,-7.7,47:29.7,-7.92195122,,,,,,,,,,
239,Min,-8.6,47:31.9,,,,,,,,,,,
239,Max,-6.9,47:34.5,,,,,,,,,,,
240,Sample,-6.6,47:34.9,-6.836363636,,,,,,,,,,
240,Max,-6.1,47:35.7,,,,,,,,,,,
240,Min,-7.5,47:37.9,,,,,,,,,,,
241,Sample,-7.7,47:39.1,-7.702439024,,,,,,,,,,
241,Min,-8.2,47:41.3,,,,,,,,,,,
241,Max,-6.8,47:43.9,,,,,,,,,,,
242,Sample,-6.5,47:44.3,-6.751851852,,,,,,,,,,
242,Max,-6.3,47:45.0,,,,,,,,,,,
242,Min,-7.4,47:47.2,,,,,,,,,,,
243,Sample,-7.6,47:47.7,-7.794827586,,,,,,,,,,
243,Max,-7.6,47:47.7,,,,,,,,,,,
243,Min,-8.6,47:54.7,,,,,,,,,,,
244,Sample,-8.8,47:55.1,-9.2625,,,,,,,,,,
244,Max,-8.8,47:55.1,,,,,,,,,,,
244,Min,-9.6,47:57.0,,,,,,,,,,,
245,Sample,-9.8,47:58.1,-9.475,,,,,,,,,,
245,Min,-9.8,47:58.1,,,,,,,,,,,
245,Max,-9.1,47:59.2,,,,,,,,,,,
246,Sample,-8.8,47:59.6,-8.358333333,,,,,,,,,,
246,Min,-8.8,47:59.6,,,,,,,,,,,
246,Max,-8,48:00.7,,,,,,,,,,,
247,Sample,-7.7,48:01.2,-7.314285714,,,,,,,,,,
247,Min,-7.7,48:01.2,,,,,,,,,,,
247,Max,-6.9,48:02.6,,,,,,,,,,,
248,Sample,-6.7,48:02.9,-7.044444444,,,,,,,,,,
248,Max,-6.7,48:02.9,,,,,,,,,,,
248,Min,-7.6,48:04.9,,,,,,,,,,,
249,Sample,-7.8,48:05.3,-8.341666667,,,,,,,,,,
249,Max,-7.8,48:05.3,,,,,,,,,,,
249,Min,-8.6,48:07.9,,,,,,,,,,,
250,Sample,-8.8,48:08.3,-8.52,,,,,,,,,,
250,Min,-8.9,48:08.5,,,,,,,,,,,
250,Max,-7.9,48:10.4,,,,,,,,,,,
251,Sample,-7.7,48:10.8,-8.060784314,,,,,,,,,,
251,Max,-7.3,48:11.6,,,,,,,,,,,
251,Min,-8.6,48:16.9,,,,,,,,,,,
252,Sample,-8.7,48:17.2,-9.05,,,,,,,,,,
252,Max,-8.7,48:17.2,,,,,,,,,,,
252,Min,-9.5,48:19.5,,,,,,,,,,,
253,Sample,-9.7,48:19.8,-9.842857143,,,,,,,,,,
253,Max,-9.6,48:20.3,,,,,,,,,,,
253,Min,-10.3,48:22.1,,,,,,,,,,,
254,Sample,-10.7,48:22.4,-10.5,,,,,,,,,,
254,Min,-10.8,48:22.8,,,,,,,,,,,
254,Max,-10,48:24.2,,,,,,,,,,,
255,Sample,-9.7,48:24.8,-9.185714286,,,,,,,,,,
255,Min,-9.7,48:24.8,,,,,,,,,,,
255,Max,-8.8,48:26.2,,,,,,,,,,,
256,Sample,-8.6,48:26.5,-8.98,,,,,,,,,,
256,Max,-8.6,48:26.5,,,,,,,,,,,
256,Min,-9.5,48:28.1,,,,,,,,,,,
257,Sample,-9.7,48:28.4,-9.944329897,,,,,,,,,,
257,Max,-9,48:37.4,,,,,,,,,,,
257,Min,-10.6,48:40.5,,,,,,,,,,,
258,Sample,-10.8,48:40.8,-10.52777778,,,,,,,,,,
258,Min,-10.9,48:41.2,,,,,,,,,,,
258,Max,-9.9,48:42.7,,,,,,,,,,,
259,Sample,-9.7,48:43.0,-9.759782609,,,,,,,,,,
259,Max,-8.9,48:44.6,,,,,,,,,,,
259,Min,-10.6,48:54.2,,,,,,,,,,,
260,Sample,-10.7,48:54.6,-10.90731707,,,,,,,,,,
260,Min,-11.5,48:56.1,,,,,,,,,,,
260,Max,-9.9,48:59.6,,,,,,,,,,,
261,Sample,-9.7,48:59.8,-10.06,,,,,,,,,,
261,Max,-9.6,49:00.2,,,,,,,,,,,
261,Min,-10.6,49:02.5,,,,,,,,,,,
262,Sample,-10.8,49:03.0,-10.6593985,,,,,,,,,,
262,Max,-9.9,49:07.8,,,,,,,,,,,
262,Min,-11.7,49:19.3,,,,,,,,,,,
263,Sample,-11.9,49:19.7,-11.86666667,,,,,,,,,,
263,Min,-12.3,49:21.5,,,,,,,,,,,
263,Max,-11.1,49:24.2,,,,,,,,,,,
264,Sample,-10.8,49:24.6,-10.76478873,,,,,,,,,,
264,Min,-11.4,49:30.6,,,,,,,,,,,
264,Max,-10,49:33.2,,,,,,,,,,,
265,Sample,-9.8,49:33.6,-10.20540541,,,,,,,,,,
265,Max,-9.6,49:34.4,,,,,,,,,,,
265,Min,-10.7,49:41.8,,,,,,,,,,,
266,Sample,-10.8,49:42.9,-11.14285714,,,,,,,,,,
266,Max,-10.8,49:42.9,,,,,,,,,,,
266,Min,-11.6,49:45.2,,,,,,,,,,,
267,Sample,-11.8,49:45.6,-11.56533333,,,,,,,,,,
267,Min,-12.6,49:47.4,,,,,,,,,,,
267,Max,-10.9,49:50.4,,,,,,,,,,,
268,Sample,-10.8,50:14.0,-11.01724138,,,,,,,,,,
268,Max,-10.6,50:14.3,,,,,,,,,,,
268,Min,-11.7,50:17.0,,,,,,,,,,,
269,Sample,-11.8,50:17.6,-12.20666667,,,,,,,,,,
269,Max,-11.8,50:17.6,,,,,,,,,,,
269,Min,-12.7,50:19.2,,,,,,,,,,,
270,Sample,-12.9,50:19.6,-12.705,,,,,,,,,,
270,Min,-13.1,50:19.9,,,,,,,,,,,
270,Max,-12,50:21.9,,,,,,,,,,,
271,Sample,-11.9,50:22.1,-11.87261905,,,,,,,,,,
271,Max,-11.5,50:22.9,,,,,,,,,,,
271,Min,-12.8,50:31.9,,,,,,,,,,,
272,Sample,-13,50:32.7,-13.10212766,,,,,,,,,,
272,Min,-13.7,50:34.9,,,,,,,,,,,
272,Max,-12.1,50:38.3,,,,,,,,,,,
273,Sample,-12,50:38.6,-12.35454545,,,,,,,,,,
273,Max,-12,50:38.6,,,,,,,,,,,
273,Min,-12.7,50:39.7,,,,,,,,,,,
274,Sample,-13,50:40.1,-13.06666667,,,,,,,,,,
274,Min,-13.6,50:42.3,,,,,,,,,,,
274,Max,-12.2,50:45.0,,,,,,,,,,,
275,Sample,-12,50:45.4,-12.39354839,,,,,,,,,,
275,Max,-11.7,50:46.2,,,,,,,,,,,
275,Min,-12.9,50:52.5,,,,,,,,,,,
276,Sample,-13,50:53.2,-13.12894737,,,,,,,,,,
276,Max,-12.8,50:54.0,,,,,,,,,,,
276,Min,-13.9,50:57.7,,,,,,,,,,,
277,Sample,-14.2,50:58.1,-14.61666667,,,,,,,,,,
277,Max,-14.2,50:58.1,,,,,,,,,,,
277,Min,-14.9,50:59.1,,,,,,,,,,,
278,Sample,-15.2,50:59.6,-14.96666667,,,,,,,,,,
278,Min,-15.3,51:00.0,,,,,,,,,,,
278,Max,-14.5,51:01.4,,,,,,,,,,,
279,Sample,-14.1,51:01.9,-13.63636364,,,,,,,,,,
279,Min,-14.1,51:01.9,,,,,,,,,,,
279,Max,-13.2,51:03.0,,,,,,,,,,,
280,Sample,-13,51:03.3,-13.29259259,,,,,,,,,,
280,Max,-12.9,51:03.7,,,,,,,,,,,
280,Min,-13.9,51:06.3,,,,,,,,,,,
281,Sample,-14,51:06.7,-13.94137931,,,,,,,,,,
281,Min,-14.4,51:07.7,,,,,,,,,,,
281,Max,-13.2,51:10.0,,,,,,,,,,,
282,Sample,-13,51:10.4,-13.13,,,,,,,,,,
282,Max,-12.5,51:11.9,,,,,,,,,,,
282,Min,-13.9,51:20.1,,,,,,,,,,,
283,Sample,-14,51:20.5,-14.46666667,,,,,,,,,,
283,Max,-14,51:20.5,,,,,,,,,,,
283,Min,-14.9,51:22.7,,,,,,,,,,,
284,Sample,-15.2,51:23.2,-15.36808511,,,,,,,,,,
284,Min,-16.2,51:26.1,,,,,,,,,,,
284,Max,-14.3,51:28.8,,,,,,,,,,,
285,Sample,-14,51:29.1,-14.18863636,,,,,,,,,,
285,Max,-13.8,51:29.5,,,,,,,,,,,
285,Min,-14.8,51:34.4,,,,,,,,,,,
286,Sample,-15,51:34.7,-15.02,,,,,,,,,,
286,Max,-14.2,51:38.5,,,,,,,,,,,
286,Min,-15.8,51:48.2,,,,,,,,,,,
287,Sample,-16.1,51:48.5,-16.46,,,,,,,,,,
287,Max,-16.1,51:48.5,,,,,,,,,,,
287,Min,-16.9,51:50.1,,,,,,,,,,,
288,Sample,-17.2,51:50.4,-17.04,,,,,,,,,,
288,Min,-17.3,51:50.8,,,,,,,,,,,
288,Max,-16.7,51:51.8,,,,,,,,,,,
289,Sample,-16.2,51:52.3,-15.725,,,,,,,,,,
289,Min,-16.2,51:52.3,,,,,,,,,,,
289,Max,-15.3,51:53.5,,,,,,,,,,,
290,Sample,-15.1,51:53.8,-15.16835443,,,,,,,,,,
290,Max,-14.5,52:03.1,,,,,,,,,,,
290,Min,-16,52:13.2,,,,,,,,,,,
291,Sample,-16.1,52:13.7,-15.83,,,,,,,,,,
291,Min,-16.1,52:13.7,,,,,,,,,,,
291,Max,-15.3,52:15.9,,,,,,,,,,,
292,Sample,-15.1,52:16.2,-15.15180723,,,,,,,,,,
292,Max,-14.4,52:17.6,,,,,,,,,,,
292,Min,-16,52:23.3,,,,,,,,,,,
293,Sample,-16.1,52:37.3,-16.43,,,,,,,,,,
293,Max,-16.1,52:37.3,,,,,,,,,,,
293,Min,-16.8,52:39.4,,,,,,,,,,,
294,Sample,-17.1,52:39.8,-16.85185185,,,,,,,,,,
294,Min,-17.3,52:40.0,,,,,,,,,,,
294,Max,-16.2,52:42.8,,,,,,,,,,,
295,Sample,-16.1,52:43.2,-16.52352941,,,,,,,,,,
295,Max,-16.1,52:43.2,,,,,,,,,,,
295,Min,-17,52:45.1,,,,,,,,,,,
296,Sample,-17.3,52:45.3,-17.44674556,,,,,,,,,,
296,Max,-16.7,52:53.3,,,,,,,,,,,
296,Min,-18.2,53:06.4,,,,,,,,,,,
297,Sample,-18.3,53:06.7,-18.76666667,,,,,,,,,,
297,Max,-18.3,53:06.7,,,,,,,,,,,
297,Min,-19.2,53:09.7,,,,,,,,,,,
298,Sample,-19.3,53:10.1,-18.92,,,,,,,,,,
298,Min,-19.3,53:10.1,,,,,,,,,,,
298,Max,-18.5,53:11.5,,,,,,,,,,,
299,Sample,-18.1,53:12.0,-18.26571429,,,,,,,,,,
299,Max,-17.8,53:12.7,,,,,,,,,,,
299,Min,-18.9,53:16.1,,,,,,,,,,,
300,Sample,-19.1,53:16.5,-18.9372093,,,,,,,,,,
300,Max,-18.2,53:19.8,,,,,,,,,,,
300,Min,-20,53:32.2,,,,,,,,,,,
301,Sample,-20.1,53:38.2,-20.38510638,,,,,,,,,,
301,Min,-20.9,53:40.4,,,,,,,,,,,
301,Max,-19.2,53:43.8,,,,,,,,,,,
302,Sample,-19.1,53:44.1,-19.54354839,,,,,,,,,,
302,Max,-19,53:44.6,,,,,,,,,,,
302,Min,-20,53:51.7,,,,,,,,,,,
303,Sample,-20.1,53:51.9,-20.50909091,,,,,,,,,,
303,Max,-20.1,53:51.9,,,,,,,,,,,
303,Min,-21,53:54.2,,,,,,,,,,,
304,Sample,-21.1,53:54.7,-21.49565217,,,,,,,,,,
304,Min,-21.9,53:56.1,,,,,,,,,,,
304,Max,-20.3,54:00.3,,,,,,,,,,,
305,Sample,-20,54:00.5,-20.12222222,,,,,,,,,,
305,Max,-19.6,54:01.4,,,,,,,,,,,
305,Min,-20.9,54:04.7,,,,,,,,,,,
306,Sample,-21,54:05.1,-20.97045455,,,,,,,,,,
306,Min,-21.4,54:06.5,,,,,,,,,,,
306,Max,-20.2,54:10.4,,,,,,,,,,,
307,Sample,-20,54:10.7,-20.2962963,,,,,,,,,,
307,Max,-20,54:10.7,,,,,,,,,,,
307,Min,-20.9,54:13.7,,,,,,,,,,,
308,Sample,-21.1,54:14.1,-20.92,,,,,,,,,,
308,Min,-21.2,54:14.4,,,,,,,,,,,
308,Max,-20.4,54:16.3,,,,,,,,,,,
309,Sample,-20.1,54:16.7,-20.5016129,,,,,,,,,,
309,Max,-19.8,54:17.4,,,,,,,,,,,
309,Min,-21,54:23.0,,,,,,,,,,,
310,Sample,-21.2,54:24.5,-21.09180328,,,,,,,,,,
310,Max,-20.4,54:28.3,,,,,,,,,,,
310,Min,-22,54:32.0,,,,,,,,,,,
311,Sample,-22.2,54:32.3,-22.04444444,,,,,,,,,,
311,Min,-22.3,54:32.8,,,,,,,,,,,
311,Max,-21.5,54:34.2,,,,,,,,,,,
312,Sample,-21.2,54:34.5,-21.55789474,,,,,,,,,,
312,Max,-20.7,54:35.7,,,,,,,,,,,
312,Min,-22.1,54:46.2,,,,,,,,,,,
313,Sample,-22.2,54:46.5,-22.03793103,,,,,,,,,,
313,Min,-22.4,54:47.7,,,,,,,,,,,
313,Max,-21.3,54:50.0,,,,,,,,,,,
314,Sample,-21,54:50.2,-21.08414634,,,,,,,,,,
314,Max,-20.1,54:52.2,,,,,,,,,,,
314,Min,-21.9,55:04.2,,,,,,,,,,,
315,Sample,-22,55:10.9,-21.74827586,,,,,,,,,,
315,Min,-22.2,55:11.6,,,,,,,,,,,
315,Max,-21.1,55:14.4,,,,,,,,,,,
316,Sample,-21,55:14.6,-21.22056075,,,,,,,,,,
316,Max,-20.9,55:15.0,,,,,,,,,,,
316,Min,-21.8,55:27.7,,,,,,,,,,,
317,Sample,-22,55:28.1,-22.16363636,,,,,,,,,,
317,Min,-22.7,55:30.7,,,,,,,,,,,
317,Max,-21.1,55:33.5,,,,,,,,,,,
318,Sample,-20.9,55:33.7,-21.10344828,,,,,,,,,,
318,Max,-20.7,55:34.5,,,,,,,,,,,
318,Min,-21.8,55:37.1,,,,,,,,,,,
319,Sample,-21.9,55:37.4,-22.25842697,,,,,,,,,,
319,Max,-21.9,55:37.4,,,,,,,,,,,
319,Min,-22.8,55:48.3,,,,,,,,,,,
320,Sample,-23,55:48.7,-22.7,,,,,,,,,,
320,Min,-23,55:48.7,,,,,,,,,,,
320,Max,-22.2,55:50.6,,,,,,,,,,,
321,Sample,-22,55:50.9,-22.17961783,,,,,,,,,,
321,Max,-21.2,55:52.5,,,,,,,,,,,
321,Min,-22.9,55:58.1,,,,,,,,,,,
322,Sample,-23.1,56:10.8,-23.51818182,,,,,,,,,,
322,Max,-23.1,56:10.8,,,,,,,,,,,
322,Min,-23.9,56:11.9,,,,,,,,,,,
323,Sample,-24.2,56:12.3,-24.62307692,,,,,,,,,,
323,Max,-24.2,56:12.3,,,,,,,,,,,
323,Min,-24.9,56:13.4,,,,,,,,,,,
324,Sample,-25.2,56:13.9,-25.38139535,,,,,,,,,,
324,Min,-26.1,56:16.1,,,,,,,,,,,
324,Max,-24.2,56:19.0,,,,,,,,,,,
325,Sample,-24,56:19.4,-24.3,,,,,,,,,,
325,Max,-24,56:19.4,,,,,,,,,,,
325,Min,-24.7,56:20.9,,,,,,,,,,,
326,Sample,-25,56:21.3,-25.31445783,,,,,,,,,,
326,Max,-25,56:21.3,,,,,,,,,,,
326,Min,-25.9,56:31.3,,,,,,,,,,,
327,Sample,-26.1,56:31.8,-26.12285714,,,,,,,,,,
327,Min,-26.6,56:33.6,,,,,,,,,,,
327,Max,-25.1,56:35.8,,,,,,,,,,,
328,Sample,-24.7,56:36.2,-24.52981366,,,,,,,,,,
328,Max,-24.1,56:44.4,,,,,,,,,,,
328,Min,-25.5,56:56.0,,,,,,,,,,,
329,Sample,-25.8,56:56.5,-26.26153846,,,,,,,,,,
329,Max,-25.8,56:56.5,,,,,,,,,,,
329,Min,-26.7,56:57.9,,,,,,,,,,,
330,Sample,-26.9,56:58.2,-27.02666667,,,,,,,,,,
330,Min,-27.5,56:59.9,,,,,,,,,,,
330,Max,-26.2,57:01.6,,,,,,,,,,,
331,Sample,-25.8,57:02.0,-25.86304348,,,,,,,,,,
331,Min,-26.6,57:05.5,,,,,,,,,,,
331,Max,-24.8,57:19.2,,,,,,,,,,,
332,Sample,-24.6,57:19.5,-24.81428571,,,,,,,,,,
332,Max,-24.5,57:20.0,,,,,,,,,,,
332,Min,-25.4,57:21.8,,,,,,,,,,,
333,Sample,-25.6,57:22.2,-25.87586207,,,,,,,,,,
333,Max,-24.7,57:27.3,,,,,,,,,,,
333,Min,-26.6,57:36.4,,,,,,,,,,,
334,Sample,-26.8,57:36.8,-27.25492958,,,,,,,,,,
334,Min,-27.8,57:38.3,,,,,,,,,,,
334,Max,-25.9,57:45.4,,,,,,,,,,,
335,Sample,-25.7,57:45.8,-26.17142857,,,,,,,,,,
335,Max,-25.7,57:45.8,,,,,,,,,,,
335,Min,-26.6,57:57.4,,,,,,,,,,,
336,Sample,-27,57:58.2,-27.322,,,,,,,,,,
336,Min,-28,57:59.6,,,,,,,,,,,
336,Max,-26.7,58:01.8,,,,,,,,,,,
337,Sample,-28.1,58:04.5,-28.334,,,,,,,,,,
337,Min,-28.9,58:06.0,,,,,,,,,,,
337,Max,-27.1,58:10.5,,,,,,,,,,,
338,Sample,-26.9,58:10.8,-26.93595506,,,,,,,,,,
338,Max,-26.6,58:13.4,,,,,,,,,,,
338,Min,-27.9,58:21.7,,,,,,,,,,,
339,Sample,-28,58:22.0,-28.10851064,,,,,,,,,,
339,Min,-28.7,58:24.6,,,,,,,,,,,
339,Max,-26.9,58:27.7,,,,,,,,,,,
340,Sample,-26.7,58:27.9,-27.40898876,,,,,,,,,,
340,Max,-26.6,58:28.5,,,,,,,,,,,
340,Min,-27.7,58:32.1,,,,,,,,,,,
341,Sample,-27.8,58:39.2,-27.68202765,,,,,,,,,,
341,Max,-27,58:44.5,,,,,,,,,,,
341,Min,-28.8,59:06.1,,,,,,,,,,,
342,Sample,-29.1,59:06.6,-29.65714286,,,,,,,,,,
342,Max,-29.1,59:06.6,,,,,,,,,,,
342,Min,-30.2,59:08.4,,,,,,,,,,,
343,Sample,-30.3,59:13.7,-30.00952381,,,,,,,,,,
343,Min,-30.4,59:14.0,,,,,,,,,,,
343,Max,-29.1,59:18.5,,,,,,,,,,,
344,Sample,-28.7,59:19.0,-28.89506173,,,,,,,,,,
344,Max,-28.5,59:19.7,,,,,,,,,,,
344,Min,-29.7,59:29.1,,,,,,,,,,,
345,Sample,-29.9,59:29.3,-30.5047619,,,,,,,,,,
345,Max,-29.9,59:29.3,,,,,,,,,,,
345,Min,-31,59:31.6,,,,,,,,,,,
346,Sample,-31.2,59:32.0,-30.79548872,,,,,,,,,,
346,Max,-30,59:36.4,,,,,,,,,,,
346,Min,-32.4,59:48.4,,,,,,,,,,,
347,Sample,-32.5,59:48.8,-32.19411765,,,,,,,,,,
347,Min,-32.6,59:49.2,,,,,,,,,,,
347,Max,-31.4,59:50.7,,,,,,,,,,,
348,Sample,-31.1,59:51.0,-31.09424084,,,,,,,,,,
348,Min,-32.1,59:57.1,,,,,,,,,,,
348,Max,-29.9,00:14.6,,,,,,,,,,,
349,Sample,-29.8,00:15.1,-30.23186813,,,,,,,,,,
349,Max,-29.8,00:15.1,,,,,,,,,,,
349,Min,-30.9,00:26.2,,,,,,,,,,,
350,Sample,-31,00:26.6,-31.26728972,,,,,,,,,,
350,Max,-30.2,00:32.5,,,,,,,,,,,
350,Min,-32.2,00:39.7,,,,,,,,,,,
351,Sample,-32.3,00:40.1,-32.71212121,,,,,,,,,,
351,Max,-32.3,00:40.1,,,,,,,,,,,
351,Min,-33.5,00:43.8,,,,,,,,,,,
352,Sample,-33.6,00:44.3,-33.23793103,,,,,,,,,,
352,Min,-33.6,00:44.3,,,,,,,,,,,
352,Max,-32.3,00:47.6,,,,,,,,,,,
353,Sample,-32,00:47.9,-31.86544503,,,,,,,,,,
353,Min,-33,00:55.5,,,,,,,,,,,
353,Max,-30.8,01:11.9,,,,,,,,,,,
354,Sample,-30.6,01:12.3,-31.13888889,,,,,,,,,,
354,Max,-30.6,01:12.3,,,,,,,,,,,
354,Min,-31.8,01:16.0,,,,,,,,,,,
355,Sample,-31.9,01:16.9,-31.28076923,,,,,,,,,,
355,Min,-31.9,01:16.9,,,,,,,,,,,
355,Max,-30.7,01:19.7,,,,,,,,,,,
356,Sample,-30.4,01:20.1,-31.04489796,,,,,,,,,,
356,Max,-30.3,01:20.5,,,,,,,,,,,
356,Min,-31.5,01:32.0,,,,,,,,,,,
357,Sample,-31.7,01:32.5,-31.54283966,,,,,,,,,,
357,Max,-30.5,01:37.6,,,,,,,,,,,
357,Min,-32.9,02:54.7,,,,,,,,,,,
358,Sample,-33.1,03:15.7,-32.69166667,,,,,,,,,,
358,Min,-33.4,03:16.4,,,,,,,,,,,
358,Max,-31.8,03:19.7,,,,,,,,,,,
359,Sample,-31.5,03:20.3,-31.84528302,,,,,,,,,,
359,Max,-31.1,03:21.4,,,,,,,,,,,
359,Min,-32.7,03:26.5,,,,,,,,,,,
360,Sample,-32.9,03:27.0,-32.45789474,,,,,,,,,,
360,Min,-33.2,03:27.7,,,,,,,,,,,
360,Max,-31.7,03:43.3,,,,,,,,,,,
361,Sample,-31.5,03:43.8,-31.93333333,,,,,,,,,,
361,Max,-31.4,03:44.5,,,,,,,,,,,
361,Min,-32.6,03:46.7,,,,,,,,,,,
362,Sample,-32.8,03:47.2,-32.40526316,,,,,,,,,,
362,Min,-33,03:47.9,,,,,,,,,,,
362,Max,-31.5,03:51.6,,,,,,,,,,,
363,Sample,-31.4,03:52.0,-32.08548387,,,,,,,,,,
363,Max,-31.4,03:52.0,,,,,,,,,,,
363,Min,-32.6,04:02.4,,,,,,,,,,,
364,Sample,-32.7,04:07.7,-32.81459159,,,,,,,,,,
364,Max,-31.7,04:56.0,,,,,,,,,,,
364,Min,-34,06:46.7,,,,,,,,,,,
365,Sample,-34.1,06:47.0,-33.43636364,,,,,,,,,,
365,Min,-34.1,06:47.0,,,,,,,,,,,
365,Max,-32.8,06:50.4,,,,,,,,,,,
366,Sample,-32.6,06:51.1,-33.06315789,,,,,,,,,,
366,Max,-32.6,06:51.1,,,,,,,,,,,
366,Min,-33.9,07:00.5,,,,,,,,,,,
367,Sample,-34,07:00.8,-33.29803922,,,,,,,,,,
367,Min,-34.1,07:01.3,,,,,,,,,,,
367,Max,-32.7,07:04.9,,,,,,,,,,,
368,Sample,-32.5,07:13.6,-33.21840491,,,,,,,,,,
368,Max,-32.5,07:13.6,,,,,,,,,,,
368,Min,-33.7,07:28.3,,,,,,,,,,,
369,Sample,-33.9,07:34.2,-33.95081352,,,,,,,,,,
369,Max,-32.6,07:39.5,,,,,,,,,,,
369,Min,-35.2,11:59.0,,,,,,,,,,,
370,Sample,-35.3,14:17.8,-34.66107855,,,,,,,,,,
370,Min,-35.7,15:24.7,,,,,,,,,,,
370,Max,-33.9,15:56.6,,,,,,,,,,,
371,Sample,-33.8,16:05.5,-33.49960159,,,,,,,,,,
371,Min,-34.5,16:11.1,,,,,,,,,,,
371,Max,-32.5,17:08.4,,,,,,,,,,,
372,Sample,-32.4,17:09.1,-32.12495667,,,,,,,,,,
372,Min,-33,17:28.9,,,,,,,,,,,
372,Max,-31.2,18:21.4,,,,,,,,,,,
373,Sample,-31.1,18:22.0,-30.66331471,,,,,,,,,,
373,Min,-31.4,18:25.5,,,,,,,,,,,
373,Max,-29.9,19:28.8,,,,,,,,,,,
374,Sample,-29.8,19:29.8,-29.38939052,,,,,,,,,,
374,Min,-30,19:33.2,,,,,,,,,,,
374,Max,-28.8,20:17.3,,,,,,,,,,,
375,Sample,-28.6,20:26.0,-28.1818408,,,,,,,,,,
375,Min,-28.8,20:29.9,,,,,,,,,,,
375,Max,-27.5,21:16.1,,,,,,,,,,,
376,Sample,-27.4,21:16.8,-27.02070707,,,,,,,,,,
376,Min,-27.6,21:19.3,,,,,,,,,,,
376,Max,-26.4,22:04.7,,,,,,,,,,,
377,Sample,-26.3,22:06.9,-25.84570707,,,,,,,,,,
377,Min,-26.4,22:09.2,,,,,,,,,,,
377,Max,-25.3,22:50.0,,,,,,,,,,,
378,Sample,-25.2,22:57.0,-24.70446429,,,,,,,,,,
378,Min,-25.2,22:57.0,,,,,,,,,,,
378,Max,-24.2,23:33.4,,,,,,,,,,,
379,Sample,-24.1,23:39.3,-23.69542484,,,,,,,,,,
379,Min,-24.2,23:40.5,,,,,,,,,,,
379,Max,-23.2,24:13.9,,,,,,,,,,,
380,Sample,-23.1,24:17.9,-22.66538462,,,,,,,,,,
380,Min,-23.1,24:17.9,,,,,,,,,,,
380,Max,-22.2,24:56.0,,,,,,,,,,,
381,Sample,-22.1,25:03.9,-21.66275072,,,,,,,,,,
381,Min,-22.2,25:04.7,,,,,,,,,,,
381,Max,-21.2,25:42.5,,,,,,,,,,,
382,Sample,-21.1,25:48.0,-20.70368098,,,,,,,,,,
382,Min,-21.1,25:48.0,,,,,,,,,,,
382,Max,-20.2,26:25.8,,,,,,,,,,,
383,Sample,-20.1,26:29.2,-19.68396739,,,,,,,,,,
383,Min,-20.1,26:29.2,,,,,,,,,,,
383,Max,-19.2,27:11.2,,,,,,,,,,,
384,Sample,-19.1,27:15.7,-18.65363322,,,,,,,,,,
384,Min,-19.1,27:15.7,,,,,,,,,,,
384,Max,-18.2,27:46.0,,,,,,,,,,,
385,Sample,-18.1,27:52.3,-17.6156051,,,,,,,,,,
385,Min,-18.2,27:53.1,,,,,,,,,,,
385,Max,-17.2,28:27.5,,,,,,,,,,,
386,Sample,-17.1,28:31.9,-16.66315789,,,,,,,,,,
386,Min,-17.2,28:32.3,,,,,,,,,,,
386,Max,-16.2,29:09.6,,,,,,,,,,,
387,Sample,-16.1,29:10.4,-15.67583643,,,,,,,,,,
387,Min,-16.2,29:12.4,,,,,,,,,,,
387,Max,-15.2,29:40.4,,,,,,,,,,,
388,Sample,-15.1,29:44.4,-14.7046595,,,,,,,,,,
388,Min,-15.1,29:44.4,,,,,,,,,,,
388,Max,-14.2,30:18.5,,,,,,,,,,,
389,Sample,-14.1,30:19.6,-13.68835341,,,,,,,,,,
389,Min,-14.2,30:20.0,,,,,,,,,,,
389,Max,-13.2,30:48.1,,,,,,,,,,,
390,Sample,-13.1,30:51.1,-12.68892734,,,,,,,,,,
390,Min,-13.2,30:51.7,,,,,,,,,,,
390,Max,-12.2,31:24.0,,,,,,,,,,,
391,Sample,-12.1,31:27.7,-11.73658537,,,,,,,,,,
391,Min,-12.2,31:28.1,,,,,,,,,,,
391,Max,-11.2,32:01.4,,,,,,,,,,,
392,Sample,-11.1,32:04.0,-10.67688889,,,,,,,,,,
392,Min,-11.1,32:04.0,,,,,,,,,,,
392,Max,-10.2,32:30.5,,,,,,,,,,,
393,Sample,-10.1,32:32.5,-9.784435798,,,,,,,,,,
393,Min,-10.2,32:32.7,,,,,,,,,,,
393,Max,-9.2,33:03.8,,,,,,,,,,,
394,Sample,-9.1,33:04.9,-8.675080906,,,,,,,,,,
394,Min,-9.2,33:05.3,,,,,,,,,,,
394,Max,-8.2,33:35.6,,,,,,,,,,,
395,Sample,-8.1,33:44.0,-7.588073394,,,,,,,,,,
395,Min,-8.2,33:45.0,,,,,,,,,,,
395,Max,-7.1,34:08.1,,,,,,,,,,,
396,Sample,-7,34:11.6,-6.624333333,,,,,,,,,,
396,Min,-7.1,34:11.9,,,,,,,,,,,
396,Max,-6.1,34:48.2,,,,,,,,,,,
397,Sample,-6,34:49.4,-5.567555556,,,,,,,,,,
397,Min,-6,34:49.4,,,,,,,,,,,
397,Max,-5.1,35:14.5,,,,,,,,,,,
398,Sample,-5,35:17.8,-4.638528139,,,,,,,,,,
398,Min,-5.1,35:18.3,,,,,,,,,,,
398,Max,-4.1,35:46.3,,,,,,,,,,,
399,Sample,-4,35:47.0,-3.558075601,,,,,,,,,,
399,Min,-4.1,35:47.5,,,,,,,,,,,
399,Max,-3.1,36:16.7,,,,,,,,,,,
400,Sample,-3,36:23.8,-2.49009901,,,,,,,,,,
400,Min,-3,36:23.8,,,,,,,,,,,
400,Max,-2.1,36:44.7,,,,,,,,,,,
401,Sample,-2,36:49.2,-1.574086379,,,,,,,,,,
401,Min,-2.1,36:49.9,,,,,,,,,,,
401,Max,-1.1,37:22.4,,,,,,,,,,,
402,Sample,-1,37:27.4,-0.620264317,,,,,,,,,,
402,Min,-1,37:27.4,,,,,,,,,,,
402,Max,-0.1,37:55.0,,,,,,,,,,,
403,Sample,0,37:56.1,0.333103448,,,,,,,,,,
403,Min,-0.1,37:56.9,,,,,,,,,,,
403,Max,0.9,38:30.2,,,,,,,,,,,
404,Sample,1,38:32.8,1.321180556,,,,,,,,,,
404,Min,0.9,38:33.2,,,,,,,,,,,
404,Max,1.9,39:07.9,,,,,,,,,,,
405,Sample,2,39:09.1,2.354006969,,,,,,,,,,
405,Min,1.8,39:11.4,,,,,,,,,,,
405,Max,2.9,39:41.2,,,,,,,,,,,
406,Sample,3,39:45.5,3.529616725,,,,,,,,,,
406,Min,3,39:45.5,,,,,,,,,,,
406,Max,3.9,40:09.7,,,,,,,,,,,
407,Sample,4,40:21.6,4.389583333,,,,,,,,,,
407,Min,4,40:21.6,,,,,,,,,,,
407,Max,4.9,40:51.7,,,,,,,,,,,
408,Sample,5,40:51.9,5.442,,,,,,,,,,
408,Min,4.9,40:54.2,,,,,,,,,,,
408,Max,5.9,41:18.6,,,,,,,,,,,
409,Sample,6,41:29.8,6.439035088,,,,,,,,,,
409,Min,6,41:29.8,,,,,,,,,,,
409,Max,6.9,41:55.9,,,,,,,,,,,
410,Sample,7,41:58.6,7.40615942,,,,,,,,,,
410,Min,6.9,41:58.9,,,,,,,,,,,
410,Max,7.9,42:29.3,,,,,,,,,,,
411,Sample,8,42:33.3,8.364976959,,,,,,,,,,
411,Min,8,42:33.3,,,,,,,,,,,
411,Max,8.9,43:00.3,,,,,,,,,,,
412,Sample,9,43:00.7,9.340939597,,,,,,,,,,
412,Min,8.9,43:01.8,,,,,,,,,,,
412,Max,9.9,43:33.3,,,,,,,,,,,
413,Sample,10,43:38.3,10.44279279,,,,,,,,,,
413,Min,10,43:38.3,,,,,,,,,,,
413,Max,10.9,44:05.8,,,,,,,,,,,
414,Sample,11,44:06.4,11.40625,,,,,,,,,,
414,Min,10.9,44:07.2,,,,,,,,,,,
414,Max,11.9,44:39.0,,,,,,,,,,,
415,Sample,12,44:46.8,12.39958333,,,,,,,,,,
415,Min,12,44:46.8,,,,,,,,,,,
415,Max,12.9,45:16.8,,,,,,,,,,,
416,Sample,13,45:17.2,13.32090164,,,,,,,,,,
416,Min,12.9,45:22.1,,,,,,,,,,,
416,Max,13.9,45:44.6,,,,,,,,,,,
417,Sample,14,45:48.0,14.23470032,,,,,,,,,,
417,Min,13.8,45:50.2,,,,,,,,,,,
417,Max,14.9,46:24.5,,,,,,,,,,,
418,Sample,15,46:27.9,15.35263158,,,,,,,,,,
418,Min,14.9,46:28.7,,,,,,,,,,,
418,Max,15.9,47:06.9,,,,,,,,,,,
419,Sample,16,47:08.8,16.42331081,,,,,,,,,,
419,Min,16,47:08.8,,,,,,,,,,,
419,Max,16.9,47:45.9,,,,,,,,,,,
420,Sample,17,47:46.2,17.38831169,,,,,,,,,,
420,Min,16.9,47:46.5,,,,,,,,,,,
420,Max,17.9,48:24.6,,,,,,,,,,,
421,Sample,18,48:25.1,18.4322884,,,,,,,,,,
421,Min,18,48:25.1,,,,,,,,,,,
421,Max,18.9,49:01.7,,,,,,,,,,,
422,Sample,19,49:05.5,19.4537931,,,,,,,,,,
422,Min,19,49:05.5,,,,,,,,,,,
422,Max,19.9,49:38.8,,,,,,,,,,,
423,Sample,20,49:42.1,20.43122677,,,,,,,,,,
423,Min,19.9,49:42.9,,,,,,,,,,,
423,Max,20.9,50:13.9,,,,,,,,,,,
424,Sample,21,50:16.2,21.43886926,,,,,,,,,,
424,Min,20.9,50:17.7,,,,,,,,,,,
424,Max,21.9,50:47.1,,,,,,,,,,,
425,Sample,22,50:52.0,22.39578313,,,,,,,,,,
425,Min,22,50:52.0,,,,,,,,,,,
425,Max,22.9,51:33.2,,,,,,,,,,,
426,Sample,23,51:33.9,23.43367003,,,,,,,,,,
426,Min,23,51:33.9,,,,,,,,,,,
426,Max,23.9,52:06.6,,,,,,,,,,,
427,Sample,24,52:11.4,24.47396694,,,,,,,,,,
427,Min,24,52:11.4,,,,,,,,,,,
427,Max,24.9,52:39.0,,,,,,,,,,,
428,Sample,25,52:42.1,25.40745763,,,,,,,,,,
428,Min,24.8,52:48.1,,,,,,,,,,,
428,Max,25.9,53:14.6,,,,,,,,,,,
429,Sample,26,53:19.4,26.47340824,,,,,,,,,,
429,Min,26,53:19.4,,,,,,,,,,,
429,Max,27,53:50.9,,,,,,,,,,,
430,Sample,27.1,53:53.2,27.50103448,,,,,,,,,,
430,Min,26.9,53:54.6,,,,,,,,,,,
430,Max,28.1,54:26.5,,,,,,,,,,,
431,Sample,28.2,54:29.9,28.61128049,,,,,,,,,,
431,Min,28.1,54:34.9,,,,,,,,,,,
431,Max,29.3,55:10.6,,,,,,,,,,,
432,Sample,29.4,55:11.3,29.81260274,,,,,,,,,,
432,Min,29.1,55:15.0,,,,,,,,,,,
432,Max,30.5,55:54.3,,,,,,,,,,,
433,Sample,30.6,55:57.4,31.16326034,,,,,,,,,,
433,Min,30.5,55:57.7,,,,,,,,,,,
433,Max,31.8,56:39.6,,,,,,,,,,,
434,Sample,31.9,56:49.3,32.50395683,,,,,,,,,,
434,Min,31.8,56:49.7,,,,,,,,,,,
434,Max,33.1,57:23.0,,,,,,,,,,,
435,Sample,33.2,57:24.5,33.69475138,,,,,,,,,,
435,Min,33.1,57:31.7,,,,,,,,,,,
435,Max,34.5,58:05.3,,,,,,,,,,,
436,Sample,34.6,58:10.1,35.11358025,,,,,,,,,,
436,Min,34.4,58:16.6,,,,,,,,,,,
436,Max,35.9,58:49.0,,,,,,,,,,,
437,Sample,36,58:50.9,36.68134111,,,,,,,,,,
437,Min,35.9,58:57.6,,,,,,,,,,,
437,Max,37.4,59:29.5,,,,,,,,,,,
438,Sample,37.5,59:34.3,38.22030848,,,,,,,,,,
438,Min,37.4,59:35.1,,,,,,,,,,,
438,Max,38.9,00:12.4,,,,,,,,,,,
439,Sample,39,00:23.4,39.8029703,,,,,,,,,,
439,Min,39,00:23.4,,,,,,,,,,,
439,Max,40.5,01:14.2,,,,,,,,,,,
440,Sample,40.6,01:14.4,41.3564557,,,,,,,,,,
440,Min,40.6,01:14.4,,,,,,,,,,,
440,Max,42.2,02:03.5,,,,,,,,,,,
441,Sample,42.3,02:04.3,43.02783505,,,,,,,,,,
441,Min,42.1,02:06.6,,,,,,,,,,,
441,Max,43.9,03:16.0,,,,,,,,,,,
442,Sample,44,03:17.8,44.79807692,,,,,,,,,,
442,Min,43.8,03:20.1,,,,,,,,,,,
442,Max,45.7,03:58.7,,,,,,,,,,,
443,Sample,45.8,04:03.9,46.66489362,,,,,,,,,,
443,Min,45.7,04:04.4,,,,,,,,,,,
443,Max,47.6,05:12.8,,,,,,,,,,,
444,Sample,47.8,05:15.4,48.63369565,,,,,,,,,,
444,Min,47.6,05:21.0,,,,,,,,,,,
444,Max,49.7,06:12.9,,,,,,,,,,,
445,Sample,49.8,06:13.4,50.66315789,,,,,,,,,,
445,Min,49.7,06:14.8,,,,,,,,,,,
445,Max,51.7,07:12.9,,,,,,,,,,,
446,Sample,51.8,07:15.8,52.87110609,,,,,,,,,,
446,Min,51.7,07:16.6,,,,,,,,,,,
446,Max,53.8,08:05.6,,,,,,,,,,,
447,Sample,53.9,08:11.8,55.00256959,,,,,,,,,,
447,Min,53.8,08:14.1,,,,,,,,,,,
447,Max,56,09:06.9,,,,,,,,,,,
448,Sample,56.2,09:10.7,57.22294372,,,,,,,,,,
448,Min,56,09:12.5,,,,,,,,,,,
448,Max,58.4,10:06.3,,,,,,,,,,,
449,Sample,58.5,10:09.0,59.49384886,,,,,,,,,,
449,Min,58.3,10:10.5,,,,,,,,,,,
449,Max,60.8,11:17.0,,,,,,,,,,,
450,Sample,60.9,11:20.9,61.97069597,,,,,,,,,,
450,Min,60.9,11:20.9,,,,,,,,,,,
450,Max,63.3,12:29.6,,,,,,,,,,,
451,Sample,63.4,12:30.0,64.63508772,,,,,,,,,,
451,Min,63.3,12:30.4,,,,,,,,,,,
451,Max,65.9,13:53.0,,,,,,,,,,,
452,Sample,66,13:56.4,67.31273345,,,,,,,,,,
452,Min,65.9,13:58.3,,,,,,,,,,,
452,Max,68.6,15:08.6,,,,,,,,,,,
453,Sample,68.7,15:10.8,69.91587057,,,,,,,,,,
453,Min,68.6,15:11.1,,,,,,,,,,,
453,Max,71.4,16:31.2,,,,,,,,,,,
454,Sample,71.5,16:32.8,72.74832402,,,,,,,,,,
454,Min,71.3,16:35.0,,,,,,,,,,,
454,Max,74.3,17:58.3,,,,,,,,,,,
455,Sample,74.4,18:03.2,75.71855389,,,,,,,,,,
455,Min,74.3,18:10.6,,,,,,,,,,,
455,Max,77.3,19:32.9,,,,,,,,,,,
456,Sample,77.4,19:35.6,78.90258303,,,,,,,,,,
456,Min,77.4,19:35.6,,,,,,,,,,,
456,Max,80.4,21:08.4,,,,,,,,,,,
457,Sample,80.5,21:18.4,82.21281741,,,,,,,,,,
457,Min,80.5,21:18.4,,,,,,,,,,,
457,Max,83.7,22:56.8,,,,,,,,,,,
458,Sample,83.8,23:02.8,85.46798419,,,,,,,,,,
458,Min,83.6,23:03.5,,,,,,,,,,,
458,Max,87.1,24:37.1,,,,,,,,,,,
459,Sample,87.2,24:38.6,88.83313468,,,,,,,,,,
459,Min,87.1,24:45.5,,,,,,,,,,,
459,Max,90.6,26:21.5,,,,,,,,,,,
460,Sample,90.8,26:24.5,92.51825641,,,,,,,,,,
460,Min,90.6,26:29.3,,,,,,,,,,,
460,Max,94.4,28:25.3,,,,,,,,,,,
461,Sample,94.5,28:27.6,96.76032165,,,,,,,,,,
461,Min,94.5,28:27.6,,,,,,,,,,,
461,Max,98.2,35:55.7,,,,,,,,,,,
462,Sample,98.3,36:26.8,98.51042264,,,,,,,,,,
462,Max,100.1,43:15.6,,,,,,,,,,,
462,Min,94.4,47:18.8,,,,,,,,,,,
463,Sample,94.3,47:27.0,92.50625521,,,,,,,,,,
463,Max,94.3,47:27.0,,,,,,,,,,,
463,Min,90.6,49:57.8,,,,,,,,,,,
464,Sample,90.5,49:58.5,88.82273106,,,,,,,,,,
464,Max,90.5,49:58.5,,,,,,,,,,,
464,Min,86.9,52:30.1,,,,,,,,,,,
465,Sample,86.8,52:30.3,85.1422895,,,,,,,,,,
465,Max,86.9,52:33.7,,,,,,,,,,,
465,Min,83.4,54:35.0,,,,,,,,,,,
466,Sample,83.3,54:43.9,81.63339676,,,,,,,,,,
466,Max,83.3,54:43.9,,,,,,,,,,,
466,Min,80,56:55.7,,,,,,,,,,,
467,Sample,79.9,56:56.8,78.2384083,,,,,,,,,,
467,Max,79.9,56:56.8,,,,,,,,,,,
467,Min,76.9,58:20.2,,,,,,,,,,,
468,Sample,76.7,58:46.3,75.64705882,,,,,,,,,,
468,Max,76.9,58:51.3,,,,,,,,,,,
468,Min,74,00:05.7,,,,,,,,,,,
469,Sample,72.9,00:05.9,71.92222222,,,,,,,,,,
469,Max,72.9,00:05.9,,,,,,,,,,,
469,Min,70.6,00:06.8,,,,,,,,,,,
470,Sample,69.9,00:07.1,68.63809524,,,,,,,,,,
470,Max,69.9,00:07.1,,,,,,,,,,,
470,Min,67.5,00:09.4,,,,,,,,,,,
471,Sample,67.1,00:09.8,63.07826087,,,,,,,,,,
471,Max,67.1,00:09.8,,,,,,,,,,,
471,Min,58,00:12.4,,,,,,,,,,,
472,Sample,57.2,00:12.7,56.04615385,,,,,,,,,,
472,Max,57.2,00:12.7,,,,,,,,,,,
472,Min,55,00:13.8,,,,,,,,,,,
473,Sample,54.2,00:14.4,50.97,,,,,,,,,,
473,Max,54.2,00:14.4,,,,,,,,,,,
473,Min,47.1,00:16.6,,,,,,,,,,,
474,Sample,46.8,00:16.9,45.91034483,,,,,,,,,,
474,Max,46.8,00:16.9,,,,,,,,,,,
474,Min,45.1,00:20.2,,,,,,,,,,,
475,Sample,44.9,00:20.6,44.56666667,,,,,,,,,,
475,Max,44.9,00:20.6,,,,,,,,,,,
475,Min,44.1,00:21.7,,,,,,,,,,,
476,Sample,44.1,00:21.8,,,,,,,,,,,
