FLUKE 287,  V1.16,38020004,,,,,,,,
,,,,,,,,,,
To display full timestamps use Format Cells ‘m/d/y hh:mm:ss.0',,,,,,,,,,
,,,,,,,,,,
Start Time,Stop Time,Elapsed Time,Interval,Total readings,Intervals,Input Events,Session Name,,,
4/7/2021 13:45,4/7/2021 13:49,0:04:08,0:00:02,168,125,48,Save 33,,,
Max Time,Max,Average,Min,Min Time,Scaling,,,,,
4/7/2021 13:46,151.3,79.5,26.8,4/7/2021 13:45,(none),,,,,
,,,,,,,,,,
Reading,,Start Time,Duration,Max Time,Max °C,Average °C,Min Time,Min °C,Description,Stop Time
1,,1:45:31 PM,00:02.0,45:32.4,27.1,26.9,45:31.0,26.8,Stable,1:45:33 PM
2,,45:32.9,00:00.3,45:32.9,28.7,28.7,45:32.9,28.7,Interval,45:33.2
3,,45:33.2,00:01.4,45:34.3,33.9,32,45:33.2,29.9,Unstable,45:34.7
4,,45:34.7,00:00.5,45:34.7,35,35,45:34.7,35,Interval,45:35.1
5,,45:35.1,00:01.1,45:35.8,38.2,37.3,45:35.1,36.4,Stable,45:36.2
6,,45:36.2,00:01.1,45:36.9,41.3,40.4,45:36.2,39.5,Interval,45:37.4
7,,45:37.4,00:01.1,45:38.0,44.1,43.3,45:37.4,42.4,Stable,45:38.5
8,,45:38.5,00:00.7,45:38.8,46.1,45.7,45:38.5,45.3,Interval,45:39.2
9,,45:39.2,00:01.1,45:39.9,48.9,47.9,45:39.2,46.9,Stable,45:40.3
10,,45:40.3,00:00.8,45:40.7,50.8,50.3,45:40.3,49.7,Interval,45:41.1
11,,45:41.1,00:01.1,45:41.9,53.6,52.5,45:41.1,51.6,Stable,45:42.2
12,,45:42.2,00:00.8,45:42.5,55.2,54.8,45:42.2,54.4,Interval,45:43.0
13,,45:43.0,00:01.1,45:43.6,58,57.2,45:43.0,56.3,Stable,45:44.1
14,,45:44.1,00:01.1,45:44.8,60.7,59.9,45:44.1,59.1,Interval,45:45.2
15,,45:45.2,00:01.5,45:46.4,64.7,63.2,45:45.2,61.9,Stable,45:46.7
16,,45:46.7,00:00.3,45:46.7,65.6,65.6,45:46.7,65.6,Interval,45:47.0
17,,45:47.0,00:01.6,45:48.1,69.4,68,45:47.0,66.4,Stable,45:48.6
18,,45:48.6,00:00.7,45:48.9,71.5,71.1,45:48.6,70.7,Interval,45:49.3
19,,45:49.3,00:01.6,45:50.4,75.8,74.2,45:49.3,72.4,Stable,45:50.8
20,,45:50.8,00:00.3,45:50.8,77.2,77.2,45:50.8,77.2,Interval,45:51.2
21,,45:51.2,00:01.1,45:52.0,81,79.6,45:51.2,78.3,Stable,45:52.3
22,,45:52.3,00:00.8,45:52.6,83.5,82.9,45:52.3,82.2,Interval,45:53.1
23,,45:53.1,00:01.1,45:53.8,87.5,86.3,45:53.1,85.1,Stable,45:54.2
24,,45:54.2,00:01.1,45:54.9,92.2,90.8,45:54.2,89.4,Interval,45:55.3
25,,45:55.3,00:01.1,45:56.0,97.4,95.8,45:55.3,94.3,Stable,45:56.5
26,,45:56.5,00:00.7,45:56.8,101.1,100.4,45:56.5,99.6,Interval,45:57.1
27,,45:57.1,00:01.1,45:57.9,106.2,104.5,45:57.1,102.6,Stable,45:58.2
28,,45:58.2,00:00.8,45:58.7,109.8,108.8,45:58.2,107.8,Interval,45:59.0
29,,45:59.0,00:01.9,46:00.5,115.3,113,45:59.0,111.1,Stable,46:01.0
30,,46:01.0,00:00.3,46:01.0,116.7,116.7,46:01.0,116.7,Interval,46:01.3
31,,46:01.3,00:01.4,46:02.4,122.3,120,46:01.3,117.8,Stable,46:02.7
32,,46:02.7,00:00.5,46:02.7,123.6,123.6,46:02.7,123.6,Interval,46:03.2
33,,46:03.2,00:02.2,46:05.0,129.3,126.8,46:03.2,124.7,Interval,46:05.4
34,,46:05.4,00:01.8,46:06.9,136.3,133.3,46:05.4,130.5,Interval,46:07.2
35,,46:07.2,00:01.9,46:08.8,142.2,140,46:07.2,137.5,Interval,46:09.1
36,,46:09.1,00:01.9,46:10.6,146.4,144.5,46:09.1,142.7,Interval,46:11.0
37,,46:11.0,00:02.2,46:12.8,148.9,148,46:11.0,147.2,Interval,46:13.3
38,,46:13.3,00:01.8,46:14.7,151.3,150.3,46:13.3,149.2,Interval,46:15.1
39,,46:15.1,00:01.9,46:15.1,151.3,151.1,46:16.7,150.9,Interval,46:17.0
40,,46:17.0,00:02.2,46:17.0,150.8,150,46:18.9,149,Interval,46:19.2
41,,46:19.2,00:01.9,46:19.2,148.6,147,46:20.7,144.9,Interval,46:21.1
42,,46:21.1,00:01.5,46:21.1,142.8,139.9,46:22.3,136.4,Stable,46:22.6
43,,46:22.6,00:00.8,46:22.6,134.2,133.2,46:22.9,132.1,Interval,46:23.4
44,,46:23.4,00:01.1,46:23.4,129,126.8,46:24.1,124.6,Stable,46:24.5
45,,46:24.5,00:00.7,46:24.5,121.5,120.4,46:24.8,119.3,Interval,46:25.2
46,,46:25.2,00:01.1,46:25.2,117.2,114.5,46:26.0,112.2,Stable,46:26.3
47,,46:26.3,00:00.8,46:26.3,110.2,108.9,46:26.8,107.6,Interval,46:27.1
48,,46:27.1,00:01.1,46:27.1,105.9,104.1,46:27.9,102.1,Stable,46:28.2
49,,46:28.2,00:00.8,46:28.2,100.6,99.9,46:28.5,99.2,Interval,46:29.0
50,,46:29.0,00:01.4,46:29.0,97.3,95.3,46:30.1,93.1,Stable,46:30.4
51,,46:30.4,00:00.8,46:30.4,91.9,91.4,46:30.8,90.8,Interval,46:31.2
52,,46:31.2,00:01.5,46:31.2,89.2,87.5,46:32.4,85.5,Stable,46:32.7
53,,46:32.7,00:00.3,46:32.7,84.4,84.4,46:32.7,84.4,Interval,46:33.0
54,,46:33.0,00:01.6,46:33.0,83.4,81.5,46:34.1,79.9,Stable,46:34.6
55,,46:34.6,00:00.7,46:34.6,78.5,78,46:34.9,77.5,Interval,46:35.3
56,,46:35.3,00:01.6,46:35.3,76.6,75,46:36.4,73.6,Stable,46:36.9
57,,46:36.9,00:00.3,46:36.9,72.3,72.3,46:36.9,72.3,Interval,46:37.2
58,,46:37.2,00:01.4,46:37.2,71.5,70.1,46:38.3,68.7,Stable,46:38.6
59,,46:38.6,00:00.5,46:38.6,67.9,67.9,46:38.6,67.9,Interval,46:39.1
60,,46:39.1,00:01.5,46:39.1,66.8,65.7,46:40.2,64.4,Stable,46:40.5
61,,46:40.5,00:00.8,46:40.5,63.6,63.3,46:40.9,63,Interval,46:41.3
62,,46:41.3,00:01.8,46:41.3,62.1,60.7,46:42.8,59.3,Interval,46:43.1
63,,46:43.1,00:01.9,46:43.1,58.6,57.3,46:44.7,56,Interval,46:45.0
64,,46:45.0,00:01.9,46:45.0,55.5,54.5,46:46.5,53.5,Stable,46:46.9
65,,46:46.9,00:00.3,46:46.9,52.9,52.9,46:46.9,52.9,Interval,46:47.3
66,,46:47.3,00:01.9,46:47.3,52.5,51.6,46:48.7,50.7,Interval,46:49.2
67,,46:49.2,00:02.2,46:49.2,50.1,49.2,46:50.9,48.2,Interval,46:51.4
68,,46:51.4,00:01.8,46:51.4,47.7,47,46:52.8,46.2,Interval,46:53.2
69,,46:53.2,00:01.9,46:53.2,45.9,45.2,46:54.8,44.6,Interval,46:55.1
70,,46:55.1,00:01.9,46:55.1,44.4,44,46:56.5,43.6,Interval,46:57.0
71,,46:57.0,00:02.2,46:57.0,43.4,43,46:58.8,42.7,Interval,46:59.3
72,,46:59.3,00:01.8,46:59.3,42.5,42.3,47:00.7,42,Interval,47:01.0
73,,47:01.0,00:02.2,47:01.0,41.8,41.4,47:02.9,41,Interval,47:03.3
74,,47:03.3,00:01.9,47:03.3,40.9,40.6,47:04.8,40.4,Interval,47:05.2
75,,47:05.2,00:01.9,47:05.2,40.3,40.1,47:06.6,39.9,Interval,47:07.1
76,,47:07.1,00:02.2,47:07.1,39.9,39.7,47:08.9,39.4,Interval,47:09.3
77,,47:09.3,00:01.8,47:09.3,39.3,39.2,47:10.5,39.1,Interval,47:11.1
78,,47:11.1,00:01.9,47:11.1,39,38.8,47:12.7,38.6,Interval,47:13.0
79,,47:13.0,00:02.2,47:13.0,38.5,38.3,47:14.9,38.1,Interval,47:15.3
80,,47:15.3,00:01.9,47:15.3,38.1,37.9,47:16.7,37.7,Interval,47:17.2
81,,47:17.2,00:02.2,47:17.2,37.7,37.5,47:19.0,37.3,Interval,47:19.4
82,,47:19.4,00:01.8,47:19.4,37.2,37.1,47:20.9,36.9,Interval,47:21.2
83,,47:21.2,00:01.9,47:21.2,36.9,36.8,47:22.8,36.6,Interval,47:23.1
84,,47:23.1,00:01.9,47:23.1,36.5,36.4,47:24.6,36.3,Interval,47:25.0
85,,47:25.0,00:02.2,47:25.0,36.3,36.1,47:26.5,36,Interval,47:27.3
86,,47:27.3,00:01.8,47:27.3,35.9,35.8,47:28.4,35.7,Interval,47:29.0
87,,47:29.0,00:02.3,47:29.0,35.6,35.5,47:30.6,35.4,Interval,47:31.3
88,,47:31.3,00:01.9,47:31.3,35.4,35.3,47:32.1,35.2,Interval,47:33.2
89,,47:33.2,00:01.9,47:33.2,35.1,35,47:34.7,34.9,Interval,47:35.1
90,,47:35.1,00:02.2,47:35.1,34.9,34.8,47:36.9,34.6,Interval,47:37.4
91,,47:37.4,00:01.8,47:37.4,34.6,34.5,47:37.7,34.5,Interval,47:39.1
92,,47:39.1,00:01.6,47:40.3,38.4,36.5,47:39.1,34.5,Unstable,47:40.7
93,,47:40.7,00:00.3,47:40.7,40.2,40.2,47:40.7,40.2,Interval,47:41.0
94,,47:41.0,00:01.9,47:42.5,46.5,44,47:41.0,41.4,Unstable,47:43.0
95,,47:43.0,00:00.3,47:43.0,48.4,48.4,47:43.0,48.4,Interval,47:43.3
96,,47:43.3,00:00.8,47:43.6,51.1,50.5,47:43.3,49.8,Unstable,47:44.1
97,,47:44.1,00:01.1,47:44.7,55.4,54.2,47:44.1,53,Interval,47:45.2
98,,47:45.2,00:01.1,47:45.9,59.6,58.3,47:45.2,57.1,Stable,47:46.3
99,,47:46.3,00:00.7,47:46.7,62.4,61.8,47:46.3,61.2,Interval,47:47.0
100,,47:47.0,00:01.1,47:47.8,66.2,64.9,47:47.0,63.5,Stable,47:48.1
101,,47:48.1,00:01.1,47:48.9,70,68.8,47:48.1,67.4,Interval,47:49.2
102,,47:49.2,00:01.6,47:50.3,74.7,73,47:49.2,71.1,Stable,47:50.8
103,,47:50.8,00:00.3,47:50.8,76.1,76.1,47:50.8,76.1,Interval,47:51.1
104,,47:51.1,00:01.4,47:52.2,80.2,78.6,47:51.1,77,Stable,47:52.6
105,,47:52.6,00:00.5,47:52.6,81.2,81.2,47:52.6,81.2,Interval,47:53.0
106,,47:53.0,00:01.4,47:54.2,86.4,84.4,47:53.0,82.6,Stable,47:54.5
107,,47:54.5,00:00.8,47:54.8,88.6,88.1,47:54.5,87.5,Interval,47:55.3
108,,47:55.3,00:01.5,47:56.4,94.1,92,47:55.3,90.1,Stable,47:56.7
109,,47:56.7,00:00.3,47:56.7,94.7,94.7,47:56.7,94.7,Interval,47:57.1
110,,47:57.1,00:01.6,47:58.2,99.9,97.7,47:57.1,95.4,Stable,47:58.6
111,,47:58.6,00:00.3,47:58.6,101.3,101.3,47:58.6,101.3,Interval,47:59.0
112,,47:59.0,00:01.4,48:00.1,106.3,104.1,47:59.0,102,Stable,48:00.4
113,,48:00.4,00:00.8,48:00.9,108.6,108.2,48:00.4,107.7,Interval,48:01.2
114,,48:01.2,00:01.4,48:02.3,114,111.6,48:01.2,109.3,Stable,48:02.7
115,,48:02.7,00:00.5,48:02.7,114.9,114.9,48:02.7,114.9,Interval,48:03.1
116,,48:03.1,00:01.5,48:04.2,120.2,118,48:03.1,116,Stable,48:04.6
117,,48:04.6,00:00.8,48:04.9,121.8,121.6,48:04.6,121.3,Interval,48:05.4
118,,48:05.4,00:01.8,48:06.8,128.4,125.9,48:05.4,123.1,Interval,48:07.1
119,,48:07.1,00:01.9,48:08.7,134.5,132.1,48:07.1,129.5,Interval,48:09.1
120,,48:09.1,00:02.2,48:11.0,139.6,137.1,48:09.1,134.8,Interval,48:11.3
121,,48:11.3,00:01.9,48:12.8,144.3,142.5,48:11.3,140.4,Interval,48:13.2
122,,48:13.2,00:01.8,48:14.7,146.3,145.3,48:13.2,144.7,Interval,48:15.0
123,,48:15.0,00:02.3,48:16.9,150.3,148.5,48:15.0,146.5,Interval,48:17.2
124,,48:17.2,00:01.9,48:18.0,151,150.9,48:17.2,150.5,Interval,48:19.2
125,,48:19.2,00:01.9,48:19.2,150.7,150,48:20.6,149.2,Interval,48:21.1
126,,48:21.1,00:02.2,48:21.1,148.7,147.4,48:22.9,145.9,Interval,48:23.3
127,,48:23.3,00:01.8,48:23.3,144.9,143.6,48:24.8,142.2,Interval,48:25.1
128,,48:25.1,00:01.9,48:25.1,141.5,138.8,48:26.7,135.6,Interval,48:27.0
129,,48:27.0,00:01.5,48:27.0,133.9,130.8,48:28.1,127.8,Stable,48:28.5
130,,48:28.5,00:00.8,48:28.5,126,124.9,48:28.9,123.7,Interval,48:29.3
131,,48:29.3,00:01.5,48:29.3,122.1,119.6,48:30.4,117.1,Stable,48:30.7
132,,48:30.7,00:00.5,48:30.7,115.7,115.7,48:30.7,115.7,Interval,48:31.2
133,,48:31.2,00:01.8,48:31.2,113.9,111.4,48:32.6,108.8,Stable,48:32.9
134,,48:32.9,00:00.5,48:32.9,107.9,107.9,48:32.9,107.9,Interval,48:33.4
135,,48:33.4,00:01.8,48:33.4,106.7,105.1,48:34.9,103.6,Interval,48:35.2
136,,48:35.2,00:01.9,48:35.2,102.9,101.6,48:36.8,100.3,Interval,48:37.1
137,,48:37.1,00:01.9,48:37.1,99.7,98.3,48:38.6,96.8,Interval,48:39.0
138,,48:39.0,00:02.2,48:39.0,95.8,93.8,48:40.8,91.8,Interval,48:41.3
139,,48:41.3,00:01.8,48:41.3,90.8,89.3,48:42.7,87.8,Interval,48:43.0
140,,48:43.0,00:02.2,48:43.0,87.2,85.4,48:44.9,83.7,Interval,48:45.3
141,,48:45.3,00:01.9,48:45.3,83.2,81.9,48:46.9,80.8,Interval,48:47.2
142,,48:47.2,00:01.9,48:47.2,80.3,79.3,48:48.6,78.3,Interval,48:49.1
143,,48:49.1,00:02.2,48:49.1,77.7,76.8,48:50.9,75.8,Interval,48:51.3
144,,48:51.3,00:01.8,48:51.3,75.3,74.7,48:52.8,74.1,Interval,48:53.1
145,,48:53.1,00:01.9,48:53.1,73.8,73.1,48:54.7,72.5,Interval,48:55.0
146,,48:55.0,00:02.2,48:55.0,72.2,71.6,48:57.0,70.9,Interval,48:57.3
147,,48:57.3,00:01.9,48:57.3,70.7,70.2,48:58.7,69.8,Interval,48:59.2
148,,48:59.2,00:01.8,48:59.2,69.6,69.1,49:00.6,68.7,Interval,49:01.0
149,,49:01.0,00:02.2,49:01.0,68.6,68,49:02.9,67.6,Interval,49:03.2
150,,49:03.2,00:01.9,49:03.2,67.4,67.1,49:04.8,66.7,Interval,49:05.1
151,,49:05.1,00:01.9,49:05.1,66.6,66.3,49:06.6,66,Interval,49:07.0
152,,49:07.0,00:02.2,49:07.0,65.8,65.4,49:08.8,65.1,Interval,49:09.3
153,,49:09.3,00:01.8,49:09.3,65,64.7,49:10.7,64.5,Interval,49:11.1
154,,49:11.1,00:01.9,49:11.1,64.3,64.1,49:12.6,63.8,Interval,49:13.0
155,,49:13.0,00:02.2,49:13.0,63.7,63.4,49:14.9,63.1,Interval,49:15.2
156,,49:15.2,00:01.9,49:15.2,63,62.8,49:16.7,62.6,Interval,49:17.1
157,,49:17.1,00:02.2,49:17.1,62.5,62.3,49:18.9,62,Interval,49:19.4
158,,49:19.4,00:01.8,49:19.4,61.9,61.7,49:20.8,61.5,Interval,49:21.1
159,,49:21.1,00:01.9,49:21.1,61.5,61.3,49:22.7,61.1,Interval,49:23.1
160,,49:23.1,00:02.2,49:23.1,61,60.8,49:25.0,60.5,Interval,49:25.3
161,,49:25.3,00:01.9,49:25.3,60.4,60.3,49:26.8,60.1,Interval,49:27.2
162,,49:27.2,00:01.8,49:27.2,60,59.8,49:28.7,59.7,Interval,49:29.0
163,,49:29.0,00:02.2,49:29.0,59.6,59.4,49:30.9,59.2,Interval,49:31.2
164,,49:31.2,00:01.9,49:31.2,59.2,59,49:32.4,58.9,Interval,49:33.1
165,,49:33.1,00:01.9,49:33.1,58.8,58.7,49:34.6,58.5,Interval,49:35.1
166,,49:35.1,00:02.2,49:35.1,58.5,58.4,49:36.2,58.3,Interval,49:37.3
167,,49:37.3,00:01.8,49:37.3,58.2,58.1,49:38.4,58,Interval,49:39.1
168,,49:39.1,00:00.0,, , ,, ,Logging Stopped,49:39.1
,,,,,,,,,,
,,°C,,Average,,,,,,
1,Sample,26.8,45:31.0,26.86,,,,,,
1,Min,26.8,45:31.0,,,,,,,
1,Max,27.1,45:32.4,,,,,,,
2,Sample,28.7,45:32.9,28.7,,,,,,
2,Max,28.7,45:32.9,,,,,,,
2,Min,28.7,45:32.9,,,,,,,
3,Sample,29.9,45:33.2,31.95,,,,,,
3,Min,29.9,45:33.2,,,,,,,
3,Max,33.9,45:34.3,,,,,,,
4,Sample,35,45:34.7,35,,,,,,
4,Max,35,45:34.7,,,,,,,
4,Min,35,45:34.7,,,,,,,
5,Sample,36.4,45:35.1,37.3,,,,,,
5,Min,36.4,45:35.1,,,,,,,
5,Max,38.2,45:35.8,,,,,,,
6,Sample,39.5,45:36.2,40.4,,,,,,
6,Min,39.5,45:36.2,,,,,,,
6,Max,41.3,45:36.9,,,,,,,
7,Sample,42.4,45:37.4,43.26666667,,,,,,
7,Min,42.4,45:37.4,,,,,,,
7,Max,44.1,45:38.0,,,,,,,
8,Sample,45.3,45:38.5,45.7,,,,,,
8,Min,45.3,45:38.5,,,,,,,
8,Max,46.1,45:38.8,,,,,,,
9,Sample,46.9,45:39.2,47.93333333,,,,,,
9,Min,46.9,45:39.2,,,,,,,
9,Max,48.9,45:39.9,,,,,,,
10,Sample,49.7,45:40.3,50.25,,,,,,
10,Min,49.7,45:40.3,,,,,,,
10,Max,50.8,45:40.7,,,,,,,
11,Sample,51.6,45:41.1,52.53333333,,,,,,
11,Min,51.6,45:41.1,,,,,,,
11,Max,53.6,45:41.9,,,,,,,
12,Sample,54.4,45:42.2,54.8,,,,,,
12,Min,54.4,45:42.2,,,,,,,
12,Max,55.2,45:42.5,,,,,,,
13,Sample,56.3,45:43.0,57.16666667,,,,,,
13,Min,56.3,45:43.0,,,,,,,
13,Max,58,45:43.6,,,,,,,
14,Sample,59.1,45:44.1,59.93333333,,,,,,
14,Min,59.1,45:44.1,,,,,,,
14,Max,60.7,45:44.8,,,,,,,
15,Sample,61.9,45:45.2,63.225,,,,,,
15,Min,61.9,45:45.2,,,,,,,
15,Max,64.7,45:46.4,,,,,,,
16,Sample,65.6,45:46.7,65.6,,,,,,
16,Max,65.6,45:46.7,,,,,,,
16,Min,65.6,45:46.7,,,,,,,
17,Sample,66.4,45:47.0,67.975,,,,,,
17,Min,66.4,45:47.0,,,,,,,
17,Max,69.4,45:48.1,,,,,,,
18,Sample,70.7,45:48.6,71.1,,,,,,
18,Min,70.7,45:48.6,,,,,,,
18,Max,71.5,45:48.9,,,,,,,
19,Sample,72.4,45:49.3,74.2,,,,,,
19,Min,72.4,45:49.3,,,,,,,
19,Max,75.8,45:50.4,,,,,,,
20,Sample,77.2,45:50.8,77.2,,,,,,
20,Max,77.2,45:50.8,,,,,,,
20,Min,77.2,45:50.8,,,,,,,
21,Sample,78.3,45:51.2,79.56666667,,,,,,
21,Min,78.3,45:51.2,,,,,,,
21,Max,81,45:52.0,,,,,,,
22,Sample,82.2,45:52.3,82.85,,,,,,
22,Min,82.2,45:52.3,,,,,,,
22,Max,83.5,45:52.6,,,,,,,
23,Sample,85.1,45:53.1,86.3,,,,,,
23,Min,85.1,45:53.1,,,,,,,
23,Max,87.5,45:53.8,,,,,,,
24,Sample,89.4,45:54.2,90.8,,,,,,
24,Min,89.4,45:54.2,,,,,,,
24,Max,92.2,45:54.9,,,,,,,
25,Sample,94.3,45:55.3,95.83333333,,,,,,
25,Min,94.3,45:55.3,,,,,,,
25,Max,97.4,45:56.0,,,,,,,
26,Sample,99.6,45:56.5,100.35,,,,,,
26,Min,99.6,45:56.5,,,,,,,
26,Max,101.1,45:56.8,,,,,,,
27,Sample,102.6,45:57.1,104.5,,,,,,
27,Min,102.6,45:57.1,,,,,,,
27,Max,106.2,45:57.9,,,,,,,
28,Sample,107.8,45:58.2,108.8,,,,,,
28,Min,107.8,45:58.2,,,,,,,
28,Max,109.8,45:58.7,,,,,,,
29,Sample,111.1,45:59.0,112.98,,,,,,
29,Min,111.1,45:59.0,,,,,,,
29,Max,115.3,46:00.5,,,,,,,
30,Sample,116.7,46:01.0,116.7,,,,,,
30,Max,116.7,46:01.0,,,,,,,
30,Min,116.7,46:01.0,,,,,,,
31,Sample,117.8,46:01.3,120,,,,,,
31,Min,117.8,46:01.3,,,,,,,
31,Max,122.3,46:02.4,,,,,,,
32,Sample,123.6,46:02.7,123.6,,,,,,
32,Max,123.6,46:02.7,,,,,,,
32,Min,123.6,46:02.7,,,,,,,
33,Sample,124.7,46:03.2,126.7833333,,,,,,
33,Min,124.7,46:03.2,,,,,,,
33,Max,129.3,46:05.0,,,,,,,
34,Sample,130.5,46:05.4,133.32,,,,,,
34,Min,130.5,46:05.4,,,,,,,
34,Max,136.3,46:06.9,,,,,,,
35,Sample,137.5,46:07.2,139.96,,,,,,
35,Min,137.5,46:07.2,,,,,,,
35,Max,142.2,46:08.8,,,,,,,
36,Sample,142.7,46:09.1,144.52,,,,,,
36,Min,142.7,46:09.1,,,,,,,
36,Max,146.4,46:10.6,,,,,,,
37,Sample,147.2,46:11.0,147.95,,,,,,
37,Min,147.2,46:11.0,,,,,,,
37,Max,148.9,46:12.8,,,,,,,
38,Sample,149.2,46:13.3,150.28,,,,,,
38,Min,149.2,46:13.3,,,,,,,
38,Max,151.3,46:14.7,,,,,,,
39,Sample,151.3,46:15.1,151.06,,,,,,
39,Max,151.3,46:15.1,,,,,,,
39,Min,150.9,46:16.7,,,,,,,
40,Sample,150.8,46:17.0,149.95,,,,,,
40,Max,150.8,46:17.0,,,,,,,
40,Min,149,46:18.9,,,,,,,
41,Sample,148.6,46:19.2,146.96,,,,,,
41,Max,148.6,46:19.2,,,,,,,
41,Min,144.9,46:20.7,,,,,,,
42,Sample,142.8,46:21.1,139.875,,,,,,
42,Max,142.8,46:21.1,,,,,,,
42,Min,136.4,46:22.3,,,,,,,
43,Sample,134.2,46:22.6,133.15,,,,,,
43,Max,134.2,46:22.6,,,,,,,
43,Min,132.1,46:22.9,,,,,,,
44,Sample,129,46:23.4,126.8,,,,,,
44,Max,129,46:23.4,,,,,,,
44,Min,124.6,46:24.1,,,,,,,
45,Sample,121.5,46:24.5,120.4,,,,,,
45,Max,121.5,46:24.5,,,,,,,
45,Min,119.3,46:24.8,,,,,,,
46,Sample,117.2,46:25.2,114.5333333,,,,,,
46,Max,117.2,46:25.2,,,,,,,
46,Min,112.2,46:26.0,,,,,,,
47,Sample,110.2,46:26.3,108.9,,,,,,
47,Max,110.2,46:26.3,,,,,,,
47,Min,107.6,46:26.8,,,,,,,
48,Sample,105.9,46:27.1,104.1,,,,,,
48,Max,105.9,46:27.1,,,,,,,
48,Min,102.1,46:27.9,,,,,,,
49,Sample,100.6,46:28.2,99.9,,,,,,
49,Max,100.6,46:28.2,,,,,,,
49,Min,99.2,46:28.5,,,,,,,
50,Sample,97.3,46:29.0,95.275,,,,,,
50,Max,97.3,46:29.0,,,,,,,
50,Min,93.1,46:30.1,,,,,,,
51,Sample,91.9,46:30.4,91.35,,,,,,
51,Max,91.9,46:30.4,,,,,,,
51,Min,90.8,46:30.8,,,,,,,
52,Sample,89.2,46:31.2,87.45,,,,,,
52,Max,89.2,46:31.2,,,,,,,
52,Min,85.5,46:32.4,,,,,,,
53,Sample,84.4,46:32.7,84.4,,,,,,
53,Max,84.4,46:32.7,,,,,,,
53,Min,84.4,46:32.7,,,,,,,
54,Sample,83.4,46:33.0,81.525,,,,,,
54,Max,83.4,46:33.0,,,,,,,
54,Min,79.9,46:34.1,,,,,,,
55,Sample,78.5,46:34.6,78,,,,,,
55,Max,78.5,46:34.6,,,,,,,
55,Min,77.5,46:34.9,,,,,,,
56,Sample,76.6,46:35.3,75,,,,,,
56,Max,76.6,46:35.3,,,,,,,
56,Min,73.6,46:36.4,,,,,,,
57,Sample,72.3,46:36.9,72.3,,,,,,
57,Max,72.3,46:36.9,,,,,,,
57,Min,72.3,46:36.9,,,,,,,
58,Sample,71.5,46:37.2,70.125,,,,,,
58,Max,71.5,46:37.2,,,,,,,
58,Min,68.7,46:38.3,,,,,,,
59,Sample,67.9,46:38.6,67.9,,,,,,
59,Max,67.9,46:38.6,,,,,,,
59,Min,67.9,46:38.6,,,,,,,
60,Sample,66.8,46:39.1,65.65,,,,,,
60,Max,66.8,46:39.1,,,,,,,
60,Min,64.4,46:40.2,,,,,,,
61,Sample,63.6,46:40.5,63.3,,,,,,
61,Max,63.6,46:40.5,,,,,,,
61,Min,63,46:40.9,,,,,,,
62,Sample,62.1,46:41.3,60.7,,,,,,
62,Max,62.1,46:41.3,,,,,,,
62,Min,59.3,46:42.8,,,,,,,
63,Sample,58.6,46:43.1,57.28,,,,,,
63,Max,58.6,46:43.1,,,,,,,
63,Min,56,46:44.7,,,,,,,
64,Sample,55.5,46:45.0,54.48,,,,,,
64,Max,55.5,46:45.0,,,,,,,
64,Min,53.5,46:46.5,,,,,,,
65,Sample,52.9,46:46.9,52.9,,,,,,
65,Max,52.9,46:46.9,,,,,,,
65,Min,52.9,46:46.9,,,,,,,
66,Sample,52.5,46:47.3,51.56,,,,,,
66,Max,52.5,46:47.3,,,,,,,
66,Min,50.7,46:48.7,,,,,,,
67,Sample,50.1,46:49.2,49.16666667,,,,,,
67,Max,50.1,46:49.2,,,,,,,
67,Min,48.2,46:50.9,,,,,,,
68,Sample,47.7,46:51.4,46.96,,,,,,
68,Max,47.7,46:51.4,,,,,,,
68,Min,46.2,46:52.8,,,,,,,
69,Sample,45.9,46:53.2,45.22,,,,,,
69,Max,45.9,46:53.2,,,,,,,
69,Min,44.6,46:54.8,,,,,,,
70,Sample,44.4,46:55.1,43.96,,,,,,
70,Max,44.4,46:55.1,,,,,,,
70,Min,43.6,46:56.5,,,,,,,
71,Sample,43.4,46:57.0,43.01666667,,,,,,
71,Max,43.4,46:57.0,,,,,,,
71,Min,42.7,46:58.8,,,,,,,
72,Sample,42.5,46:59.3,42.28,,,,,,
72,Max,42.5,46:59.3,,,,,,,
72,Min,42,47:00.7,,,,,,,
73,Sample,41.8,47:01.0,41.38333333,,,,,,
73,Max,41.8,47:01.0,,,,,,,
73,Min,41,47:02.9,,,,,,,
74,Sample,40.9,47:03.3,40.64,,,,,,
74,Max,40.9,47:03.3,,,,,,,
74,Min,40.4,47:04.8,,,,,,,
75,Sample,40.3,47:05.2,40.12,,,,,,
75,Max,40.3,47:05.2,,,,,,,
75,Min,39.9,47:06.6,,,,,,,
76,Sample,39.9,47:07.1,39.66666667,,,,,,
76,Max,39.9,47:07.1,,,,,,,
76,Min,39.4,47:08.9,,,,,,,
77,Sample,39.3,47:09.3,39.18,,,,,,
77,Max,39.3,47:09.3,,,,,,,
77,Min,39.1,47:10.5,,,,,,,
78,Sample,39,47:11.1,38.8,,,,,,
78,Max,39,47:11.1,,,,,,,
78,Min,38.6,47:12.7,,,,,,,
79,Sample,38.5,47:13.0,38.3,,,,,,
79,Max,38.5,47:13.0,,,,,,,
79,Min,38.1,47:14.9,,,,,,,
80,Sample,38.1,47:15.3,37.9,,,,,,
80,Max,38.1,47:15.3,,,,,,,
80,Min,37.7,47:16.7,,,,,,,
81,Sample,37.7,47:17.2,37.48333333,,,,,,
81,Max,37.7,47:17.2,,,,,,,
81,Min,37.3,47:19.0,,,,,,,
82,Sample,37.2,47:19.4,37.06,,,,,,
82,Max,37.2,47:19.4,,,,,,,
82,Min,36.9,47:20.9,,,,,,,
83,Sample,36.9,47:21.2,36.76,,,,,,
83,Max,36.9,47:21.2,,,,,,,
83,Min,36.6,47:22.8,,,,,,,
84,Sample,36.5,47:23.1,36.42,,,,,,
84,Max,36.5,47:23.1,,,,,,,
84,Min,36.3,47:24.6,,,,,,,
85,Sample,36.3,47:25.0,36.11666667,,,,,,
85,Max,36.3,47:25.0,,,,,,,
85,Min,36,47:26.5,,,,,,,
86,Sample,35.9,47:27.3,35.8,,,,,,
86,Max,35.9,47:27.3,,,,,,,
86,Min,35.7,47:28.4,,,,,,,
87,Sample,35.6,47:29.0,35.5,,,,,,
87,Max,35.6,47:29.0,,,,,,,
87,Min,35.4,47:30.6,,,,,,,
88,Sample,35.4,47:31.3,35.26,,,,,,
88,Max,35.4,47:31.3,,,,,,,
88,Min,35.2,47:32.1,,,,,,,
89,Sample,35.1,47:33.2,35.02,,,,,,
89,Max,35.1,47:33.2,,,,,,,
89,Min,34.9,47:34.7,,,,,,,
90,Sample,34.9,47:35.1,34.75,,,,,,
90,Max,34.9,47:35.1,,,,,,,
90,Min,34.6,47:36.9,,,,,,,
91,Sample,34.6,47:37.4,34.52,,,,,,
91,Max,34.6,47:37.4,,,,,,,
91,Min,34.5,47:37.7,,,,,,,
92,Sample,34.5,47:39.1,36.475,,,,,,
92,Min,34.5,47:39.1,,,,,,,
92,Max,38.4,47:40.3,,,,,,,
93,Sample,40.2,47:40.7,40.2,,,,,,
93,Max,40.2,47:40.7,,,,,,,
93,Min,40.2,47:40.7,,,,,,,
94,Sample,41.4,47:41.0,43.98,,,,,,
94,Min,41.4,47:41.0,,,,,,,
94,Max,46.5,47:42.5,,,,,,,
95,Sample,48.4,47:43.0,48.4,,,,,,
95,Max,48.4,47:43.0,,,,,,,
95,Min,48.4,47:43.0,,,,,,,
96,Sample,49.8,47:43.3,50.45,,,,,,
96,Min,49.8,47:43.3,,,,,,,
96,Max,51.1,47:43.6,,,,,,,
97,Sample,53,47:44.1,54.2,,,,,,
97,Min,53,47:44.1,,,,,,,
97,Max,55.4,47:44.7,,,,,,,
98,Sample,57.1,47:45.2,58.33333333,,,,,,
98,Min,57.1,47:45.2,,,,,,,
98,Max,59.6,47:45.9,,,,,,,
99,Sample,61.2,47:46.3,61.8,,,,,,
99,Min,61.2,47:46.3,,,,,,,
99,Max,62.4,47:46.7,,,,,,,
100,Sample,63.5,47:47.0,64.93333333,,,,,,
100,Min,63.5,47:47.0,,,,,,,
100,Max,66.2,47:47.8,,,,,,,
101,Sample,67.4,47:48.1,68.76666667,,,,,,
101,Min,67.4,47:48.1,,,,,,,
101,Max,70,47:48.9,,,,,,,
102,Sample,71.1,47:49.2,73,,,,,,
102,Min,71.1,47:49.2,,,,,,,
102,Max,74.7,47:50.3,,,,,,,
103,Sample,76.1,47:50.8,76.1,,,,,,
103,Max,76.1,47:50.8,,,,,,,
103,Min,76.1,47:50.8,,,,,,,
104,Sample,77,47:51.1,78.575,,,,,,
104,Min,77,47:51.1,,,,,,,
104,Max,80.2,47:52.2,,,,,,,
105,Sample,81.2,47:52.6,81.2,,,,,,
105,Max,81.2,47:52.6,,,,,,,
105,Min,81.2,47:52.6,,,,,,,
106,Sample,82.6,47:53.0,84.35,,,,,,
106,Min,82.6,47:53.0,,,,,,,
106,Max,86.4,47:54.2,,,,,,,
107,Sample,87.5,47:54.5,88.05,,,,,,
107,Min,87.5,47:54.5,,,,,,,
107,Max,88.6,47:54.8,,,,,,,
108,Sample,90.1,47:55.3,91.95,,,,,,
108,Min,90.1,47:55.3,,,,,,,
108,Max,94.1,47:56.4,,,,,,,
109,Sample,94.7,47:56.7,94.7,,,,,,
109,Max,94.7,47:56.7,,,,,,,
109,Min,94.7,47:56.7,,,,,,,
110,Sample,95.4,47:57.1,97.725,,,,,,
110,Min,95.4,47:57.1,,,,,,,
110,Max,99.9,47:58.2,,,,,,,
111,Sample,101.3,47:58.6,101.3,,,,,,
111,Max,101.3,47:58.6,,,,,,,
111,Min,101.3,47:58.6,,,,,,,
112,Sample,102,47:59.0,104.125,,,,,,
112,Min,102,47:59.0,,,,,,,
112,Max,106.3,48:00.1,,,,,,,
113,Sample,107.7,48:00.4,108.15,,,,,,
113,Min,107.7,48:00.4,,,,,,,
113,Max,108.6,48:00.9,,,,,,,
114,Sample,109.3,48:01.2,111.6,,,,,,
114,Min,109.3,48:01.2,,,,,,,
114,Max,114,48:02.3,,,,,,,
115,Sample,114.9,48:02.7,114.9,,,,,,
115,Max,114.9,48:02.7,,,,,,,
115,Min,114.9,48:02.7,,,,,,,
116,Sample,116,48:03.1,117.95,,,,,,
116,Min,116,48:03.1,,,,,,,
116,Max,120.2,48:04.2,,,,,,,
117,Sample,121.3,48:04.6,121.55,,,,,,
117,Min,121.3,48:04.6,,,,,,,
117,Max,121.8,48:04.9,,,,,,,
118,Sample,123.1,48:05.4,125.86,,,,,,
118,Min,123.1,48:05.4,,,,,,,
118,Max,128.4,48:06.8,,,,,,,
119,Sample,129.5,48:07.1,132.1,,,,,,
119,Min,129.5,48:07.1,,,,,,,
119,Max,134.5,48:08.7,,,,,,,
120,Sample,134.8,48:09.1,137.05,,,,,,
120,Min,134.8,48:09.1,,,,,,,
120,Max,139.6,48:11.0,,,,,,,
121,Sample,140.4,48:11.3,142.54,,,,,,
121,Min,140.4,48:11.3,,,,,,,
121,Max,144.3,48:12.8,,,,,,,
122,Sample,144.7,48:13.2,145.34,,,,,,
122,Min,144.7,48:13.2,,,,,,,
122,Max,146.3,48:14.7,,,,,,,
123,Sample,146.5,48:15.0,148.5333333,,,,,,
123,Min,146.5,48:15.0,,,,,,,
123,Max,150.3,48:16.9,,,,,,,
124,Sample,150.5,48:17.2,150.86,,,,,,
124,Min,150.5,48:17.2,,,,,,,
124,Max,151,48:18.0,,,,,,,
125,Sample,150.7,48:19.2,149.98,,,,,,
125,Max,150.7,48:19.2,,,,,,,
125,Min,149.2,48:20.6,,,,,,,
126,Sample,148.7,48:21.1,147.4,,,,,,
126,Max,148.7,48:21.1,,,,,,,
126,Min,145.9,48:22.9,,,,,,,
127,Sample,144.9,48:23.3,143.58,,,,,,
127,Max,144.9,48:23.3,,,,,,,
127,Min,142.2,48:24.8,,,,,,,
128,Sample,141.5,48:25.1,138.8,,,,,,
128,Max,141.5,48:25.1,,,,,,,
128,Min,135.6,48:26.7,,,,,,,
129,Sample,133.9,48:27.0,130.825,,,,,,
129,Max,133.9,48:27.0,,,,,,,
129,Min,127.8,48:28.1,,,,,,,
130,Sample,126,48:28.5,124.85,,,,,,
130,Max,126,48:28.5,,,,,,,
130,Min,123.7,48:28.9,,,,,,,
131,Sample,122.1,48:29.3,119.55,,,,,,
131,Max,122.1,48:29.3,,,,,,,
131,Min,117.1,48:30.4,,,,,,,
132,Sample,115.7,48:30.7,115.7,,,,,,
132,Max,115.7,48:30.7,,,,,,,
132,Min,115.7,48:30.7,,,,,,,
133,Sample,113.9,48:31.2,111.36,,,,,,
133,Max,113.9,48:31.2,,,,,,,
133,Min,108.8,48:32.6,,,,,,,
134,Sample,107.9,48:32.9,107.9,,,,,,
134,Max,107.9,48:32.9,,,,,,,
134,Min,107.9,48:32.9,,,,,,,
135,Sample,106.7,48:33.4,105.1,,,,,,
135,Max,106.7,48:33.4,,,,,,,
135,Min,103.6,48:34.9,,,,,,,
136,Sample,102.9,48:35.2,101.58,,,,,,
136,Max,102.9,48:35.2,,,,,,,
136,Min,100.3,48:36.8,,,,,,,
137,Sample,99.7,48:37.1,98.26,,,,,,
137,Max,99.7,48:37.1,,,,,,,
137,Min,96.8,48:38.6,,,,,,,
138,Sample,95.8,48:39.0,93.8,,,,,,
138,Max,95.8,48:39.0,,,,,,,
138,Min,91.8,48:40.8,,,,,,,
139,Sample,90.8,48:41.3,89.3,,,,,,
139,Max,90.8,48:41.3,,,,,,,
139,Min,87.8,48:42.7,,,,,,,
140,Sample,87.2,48:43.0,85.36666667,,,,,,
140,Max,87.2,48:43.0,,,,,,,
140,Min,83.7,48:44.9,,,,,,,
141,Sample,83.2,48:45.3,81.94,,,,,,
141,Max,83.2,48:45.3,,,,,,,
141,Min,80.8,48:46.9,,,,,,,
142,Sample,80.3,48:47.2,79.26,,,,,,
142,Max,80.3,48:47.2,,,,,,,
142,Min,78.3,48:48.6,,,,,,,
143,Sample,77.7,48:49.1,76.75,,,,,,
143,Max,77.7,48:49.1,,,,,,,
143,Min,75.8,48:50.9,,,,,,,
144,Sample,75.3,48:51.3,74.72,,,,,,
144,Max,75.3,48:51.3,,,,,,,
144,Min,74.1,48:52.8,,,,,,,
145,Sample,73.8,48:53.1,73.14,,,,,,
145,Max,73.8,48:53.1,,,,,,,
145,Min,72.5,48:54.7,,,,,,,
146,Sample,72.2,48:55.0,71.56666667,,,,,,
146,Max,72.2,48:55.0,,,,,,,
146,Min,70.9,48:57.0,,,,,,,
147,Sample,70.7,48:57.3,70.24,,,,,,
147,Max,70.7,48:57.3,,,,,,,
147,Min,69.8,48:58.7,,,,,,,
148,Sample,69.6,48:59.2,69.14,,,,,,
148,Max,69.6,48:59.2,,,,,,,
148,Min,68.7,49:00.6,,,,,,,
149,Sample,68.6,49:01.0,68.05,,,,,,
149,Max,68.6,49:01.0,,,,,,,
149,Min,67.6,49:02.9,,,,,,,
150,Sample,67.4,49:03.2,67.06,,,,,,
150,Max,67.4,49:03.2,,,,,,,
150,Min,66.7,49:04.8,,,,,,,
151,Sample,66.6,49:05.1,66.26,,,,,,
151,Max,66.6,49:05.1,,,,,,,
151,Min,66,49:06.6,,,,,,,
152,Sample,65.8,49:07.0,65.41666667,,,,,,
152,Max,65.8,49:07.0,,,,,,,
152,Min,65.1,49:08.8,,,,,,,
153,Sample,65,49:09.3,64.74,,,,,,
153,Max,65,49:09.3,,,,,,,
153,Min,64.5,49:10.7,,,,,,,
154,Sample,64.3,49:11.1,64.08,,,,,,
154,Max,64.3,49:11.1,,,,,,,
154,Min,63.8,49:12.6,,,,,,,
155,Sample,63.7,49:13.0,63.43333333,,,,,,
155,Max,63.7,49:13.0,,,,,,,
155,Min,63.1,49:14.9,,,,,,,
156,Sample,63,49:15.2,62.8,,,,,,
156,Max,63,49:15.2,,,,,,,
156,Min,62.6,49:16.7,,,,,,,
157,Sample,62.5,49:17.1,62.25,,,,,,
157,Max,62.5,49:17.1,,,,,,,
157,Min,62,49:18.9,,,,,,,
158,Sample,61.9,49:19.4,61.7,,,,,,
158,Max,61.9,49:19.4,,,,,,,
158,Min,61.5,49:20.8,,,,,,,
159,Sample,61.5,49:21.1,61.26,,,,,,
159,Max,61.5,49:21.1,,,,,,,
159,Min,61.1,49:22.7,,,,,,,
160,Sample,61,49:23.1,60.75,,,,,,
160,Max,61,49:23.1,,,,,,,
160,Min,60.5,49:25.0,,,,,,,
161,Sample,60.4,49:25.3,60.28,,,,,,
161,Max,60.4,49:25.3,,,,,,,
161,Min,60.1,49:26.8,,,,,,,
162,Sample,60,49:27.2,59.84,,,,,,
162,Max,60,49:27.2,,,,,,,
162,Min,59.7,49:28.7,,,,,,,
163,Sample,59.6,49:29.0,59.41666667,,,,,,
163,Max,59.6,49:29.0,,,,,,,
163,Min,59.2,49:30.9,,,,,,,
164,Sample,59.2,49:31.2,59.02,,,,,,
164,Max,59.2,49:31.2,,,,,,,
164,Min,58.9,49:32.4,,,,,,,
165,Sample,58.8,49:33.1,58.7,,,,,,
165,Max,58.8,49:33.1,,,,,,,
165,Min,58.5,49:34.6,,,,,,,
166,Sample,58.5,49:35.1,58.36666667,,,,,,
166,Max,58.5,49:35.1,,,,,,,
166,Min,58.3,49:36.2,,,,,,,
167,Sample,58.2,49:37.3,58.1,,,,,,
167,Max,58.2,49:37.3,,,,,,,
167,Min,58,49:38.4,,,,,,,
168,Sample,57.9,49:39.1,,,,,,,
